
[1;36mExperiment settings:[0m
[1;36m     MODEL: ResNet9[0m
[1;36m     Dataset: CheXpert[0m
[1;36m     Strategy: cfl_drift[0m
[1;36m     Drifting type: trDR_teND[0m
[1;36m     Data non-IID type: Px[0m
[1;36m     Number of clients: 20[0m
[1;36m     Number of rounds: 20[0m
     [1;36mK-Folds: 2[0m


[1;36mStarting experiment with epoch_num: 10[0m


[1;36mStarting experiment with scaling: 0 and epoch_num: 10[0m


[1;36mStarting fold 2 - (scaling 0 and epoch_num 10)[0m

Starting client ID 0
Starting client ID 1
Starting client ID 2
Starting client ID 3
Starting client ID 4
Starting client ID 5
Starting client ID 6
Starting client ID 7
Starting client ID 8
Starting client ID 9
Starting client ID 10
Starting client ID 11
Starting client ID 12
Starting client ID 13
Starting client ID 14
Starting client ID 15
Starting client ID 16
Starting client ID 17
Starting client ID 18
Starting client ID 19
Using device: cuda:2
n scalers: 30 - desc dim [14, 14, 14, 14, 14, 14, 14, 14, 14, 14, 14, 14, 14, 14, 14, 14, 14, 14, 14, 14, 14, 14, 14, 14, 14, 14, 14, 14, 14, 14]
[91mDescriptor extraction - evaluation[0m
Saving round 1 aggregated_parameters...
[91mTraining[0m
Saving round 1 aggregated_parameters...
[91mOriginal Flower Evaluation[0m
[93mRound 1 - Aggregated loss: 0.009242856735363602 - Aggregated metrics: {'accuracy': 0.5494973671366374}[0m
[93mRound 1 - No need to extract descriptors yet - training in FedAvg[0m
[91mDescriptor extraction - evaluation[0m
Saving round 2 aggregated_parameters...
[91mTraining[0m
Saving round 2 aggregated_parameters...
[91mOriginal Flower Evaluation[0m
[93mRound 2 - Aggregated loss: 0.008559078443795443 - Aggregated metrics: {'accuracy': 0.5405805509610985}[0m
[93mRound 2 - No need to extract descriptors yet - training in FedAvg[0m
[91mDescriptor extraction - evaluation[0m
Saving round 3 aggregated_parameters...
[91mTraining[0m
Saving round 3 aggregated_parameters...
[91mOriginal Flower Evaluation[0m
[93mRound 3 - Aggregated loss: 0.008535179123282433 - Aggregated metrics: {'accuracy': 0.5601495127272872}[0m
[93mRound 3 - No need to extract descriptors yet - training in FedAvg[0m
[91mDescriptor extraction - evaluation[0m
Saving round 4 aggregated_parameters...
[91mTraining[0m
Saving round 4 aggregated_parameters...
[91mOriginal Flower Evaluation[0m
[93mRound 4 - Aggregated loss: 0.008058060449548066 - Aggregated metrics: {'accuracy': 0.5574889810182396}[0m
[93mRound 4 - No need to extract descriptors yet - training in FedAvg[0m
[91mDescriptor extraction - evaluation[0m
Saving round 5 aggregated_parameters...
[91mTraining[0m
Saving round 5 aggregated_parameters...
[91mOriginal Flower Evaluation[0m
[93mRound 5 - Aggregated loss: 0.007768985372968018 - Aggregated metrics: {'accuracy': 0.5883743969600156}[0m
[93mRound 5 - Threshold reached - Starting personalized aggregation  [0m
[91mDescriptor extraction - evaluation[0m
[91mClustering using extended Px_label_long descriptors[0m
[91mRound 6 - Shape descriptors (20, 420)[0m
[91mRound 6 - Client distances: [array([0.05, 0.05, 0.05, 0.05, 0.05, 0.05, 0.05, 0.05, 0.05, 0.05, 0.05,
       0.05, 0.05, 0.05, 0.05, 0.05, 0.05, 0.05, 0.05, 0.05]), array([0.05, 0.05, 0.05, 0.05, 0.05, 0.05, 0.05, 0.05, 0.05, 0.05, 0.05,
       0.05, 0.05, 0.05, 0.05, 0.05, 0.05, 0.05, 0.05, 0.05]), array([0.05, 0.05, 0.05, 0.05, 0.05, 0.05, 0.05, 0.05, 0.05, 0.05, 0.05,
       0.05, 0.05, 0.05, 0.05, 0.05, 0.05, 0.05, 0.05, 0.05]), array([0.05, 0.05, 0.05, 0.05, 0.05, 0.05, 0.05, 0.05, 0.05, 0.05, 0.05,
       0.05, 0.05, 0.05, 0.05, 0.05, 0.05, 0.05, 0.05, 0.05]), array([0.05, 0.05, 0.05, 0.05, 0.05, 0.05, 0.05, 0.05, 0.05, 0.05, 0.05,
       0.05, 0.05, 0.05, 0.05, 0.05, 0.05, 0.05, 0.05, 0.05]), array([0.05, 0.05, 0.05, 0.05, 0.05, 0.05, 0.05, 0.05, 0.05, 0.05, 0.05,
       0.05, 0.05, 0.05, 0.05, 0.05, 0.05, 0.05, 0.05, 0.05]), array([0.05, 0.05, 0.05, 0.05, 0.05, 0.05, 0.05, 0.05, 0.05, 0.05, 0.05,
       0.05, 0.05, 0.05, 0.05, 0.05, 0.05, 0.05, 0.05, 0.05]), array([0.05, 0.05, 0.05, 0.05, 0.05, 0.05, 0.05, 0.05, 0.05, 0.05, 0.05,
       0.05, 0.05, 0.05, 0.05, 0.05, 0.05, 0.05, 0.05, 0.05]), array([0.05, 0.05, 0.05, 0.05, 0.05, 0.05, 0.05, 0.05, 0.05, 0.05, 0.05,
       0.05, 0.05, 0.05, 0.05, 0.05, 0.05, 0.05, 0.05, 0.05]), array([0.05, 0.05, 0.05, 0.05, 0.05, 0.05, 0.05, 0.05, 0.05, 0.05, 0.05,
       0.05, 0.05, 0.05, 0.05, 0.05, 0.05, 0.05, 0.05, 0.05]), array([0.05, 0.05, 0.05, 0.05, 0.05, 0.05, 0.05, 0.05, 0.05, 0.05, 0.05,
       0.05, 0.05, 0.05, 0.05, 0.05, 0.05, 0.05, 0.05, 0.05]), array([0.05, 0.05, 0.05, 0.05, 0.05, 0.05, 0.05, 0.05, 0.05, 0.05, 0.05,
       0.05, 0.05, 0.05, 0.05, 0.05, 0.05, 0.05, 0.05, 0.05]), array([0.05, 0.05, 0.05, 0.05, 0.05, 0.05, 0.05, 0.05, 0.05, 0.05, 0.05,
       0.05, 0.05, 0.05, 0.05, 0.05, 0.05, 0.05, 0.05, 0.05]), array([0.05, 0.05, 0.05, 0.05, 0.05, 0.05, 0.05, 0.05, 0.05, 0.05, 0.05,
       0.05, 0.05, 0.05, 0.05, 0.05, 0.05, 0.05, 0.05, 0.05]), array([0.05, 0.05, 0.05, 0.05, 0.05, 0.05, 0.05, 0.05, 0.05, 0.05, 0.05,
       0.05, 0.05, 0.05, 0.05, 0.05, 0.05, 0.05, 0.05, 0.05]), array([0.05, 0.05, 0.05, 0.05, 0.05, 0.05, 0.05, 0.05, 0.05, 0.05, 0.05,
       0.05, 0.05, 0.05, 0.05, 0.05, 0.05, 0.05, 0.05, 0.05]), array([0.05, 0.05, 0.05, 0.05, 0.05, 0.05, 0.05, 0.05, 0.05, 0.05, 0.05,
       0.05, 0.05, 0.05, 0.05, 0.05, 0.05, 0.05, 0.05, 0.05]), array([0.05, 0.05, 0.05, 0.05, 0.05, 0.05, 0.05, 0.05, 0.05, 0.05, 0.05,
       0.05, 0.05, 0.05, 0.05, 0.05, 0.05, 0.05, 0.05, 0.05]), array([0.05, 0.05, 0.05, 0.05, 0.05, 0.05, 0.05, 0.05, 0.05, 0.05, 0.05,
       0.05, 0.05, 0.05, 0.05, 0.05, 0.05, 0.05, 0.05, 0.05]), array([0.05, 0.05, 0.05, 0.05, 0.05, 0.05, 0.05, 0.05, 0.05, 0.05, 0.05,
       0.05, 0.05, 0.05, 0.05, 0.05, 0.05, 0.05, 0.05, 0.05])][0m
[91mTraining[0m
[91mOriginal Flower Evaluation[0m
[93mRound 6 - Aggregated loss: 0.007846839772537351 - Aggregated metrics: {'accuracy': 0.6056093024348359}[0m
[91mDescriptor extraction - evaluation[0m
[91mClustering using extended Px_label_long descriptors[0m
[91mRound 7 - Shape descriptors (20, 420)[0m
Distance: 0.29402821632238
Distance: 0.29402821632238
Distance: 0.29402821632238
Distance: 1.0208187160699693
Distance: 0.6129663669206272
Distance: 0.29402821632238
Distance: 5.092423332573444
Distance: 1.0580711422242226
Distance: 1.0580711422242226
Distance: 5.092423332573444
Distance: 5.09951867262362
Distance: 0.7436819490504418
Distance: 0.7436819490504418
Distance: 0.6129663669206272
Distance: 0.7436819490504418
Distance: 5.09389461426667
Distance: 0.29402821632238
Distance: 5.09951867262362
Distance: 0.74275452660529
Distance: 1.0208187160699693
[91mRound 7 - Client distances: [array([0.11158612, 0.11158612, 0.11158612, 0.03214035, 0.05352572,
       0.11158612, 0.0064428 , 0.03100876, 0.03100876, 0.0064428 ,
       0.00643384, 0.04411761, 0.04411761, 0.05352572, 0.04411761,
       0.00644094, 0.11158612, 0.00643384, 0.04417269, 0.03214035]), array([0.08570711, 0.08570711, 0.08570711, 0.04379484, 0.06014649,
       0.08570711, 0.00945913, 0.0374967 , 0.0374967 , 0.00945913,
       0.00944721, 0.05070944, 0.05070944, 0.06014649, 0.05070944,
       0.00945695, 0.08570711, 0.00944721, 0.08919043, 0.04379484]), array([0.05150345, 0.05150345, 0.05150345, 0.11754194, 0.05517706,
       0.05150345, 0.00930416, 0.05585383, 0.05585383, 0.00930416,
       0.00929165, 0.06469111, 0.06469111, 0.05517706, 0.06469111,
       0.00930118, 0.05150345, 0.00929165, 0.04477098, 0.11754194]), array([0.07115756, 0.07115756, 0.07115756, 0.03832251, 0.10344655,
       0.07115756, 0.00867528, 0.04290134, 0.04290134, 0.00867528,
       0.00866254, 0.06252984, 0.06252984, 0.10344655, 0.06252984,
       0.00867273, 0.07115756, 0.00866254, 0.04393352, 0.03832251]), array([0.07114063, 0.07114063, 0.07114063, 0.04882237, 0.05850175,
       0.07114063, 0.01014201, 0.04104116, 0.04104116, 0.01014201,
       0.01012813, 0.07759685, 0.07759685, 0.05850175, 0.07759685,
       0.01013866, 0.07114063, 0.01012813, 0.06409682, 0.04882237]), array([0.07115756, 0.07115756, 0.07115756, 0.03832251, 0.10344655,
       0.07115756, 0.00867528, 0.04290134, 0.04290134, 0.00867528,
       0.00866254, 0.06252984, 0.06252984, 0.10344655, 0.06252984,
       0.00867273, 0.07115756, 0.00866254, 0.04393352, 0.03832251]), array([0.11158612, 0.11158612, 0.11158612, 0.03214035, 0.05352572,
       0.11158612, 0.0064428 , 0.03100876, 0.03100876, 0.0064428 ,
       0.00643384, 0.04411761, 0.04411761, 0.05352572, 0.04411761,
       0.00644094, 0.11158612, 0.00643384, 0.04417269, 0.03214035]), array([0.05150345, 0.05150345, 0.05150345, 0.11754194, 0.05517706,
       0.05150345, 0.00930416, 0.05585383, 0.05585383, 0.00930416,
       0.00929165, 0.06469111, 0.06469111, 0.05517706, 0.06469111,
       0.00930118, 0.05150345, 0.00929165, 0.04477098, 0.11754194]), array([0.07114063, 0.07114063, 0.07114063, 0.04882237, 0.05850175,
       0.07114063, 0.01014201, 0.04104116, 0.04104116, 0.01014201,
       0.01012813, 0.07759685, 0.07759685, 0.05850175, 0.07759685,
       0.01013866, 0.07114063, 0.01012813, 0.06409682, 0.04882237]), array([0.04668633, 0.04668633, 0.04668633, 0.06135004, 0.05958698,
       0.04668633, 0.01087638, 0.13510468, 0.13510468, 0.01087638,
       0.01085929, 0.05299163, 0.05299163, 0.05958698, 0.05299163,
       0.01086963, 0.04668633, 0.01085929, 0.04116911, 0.06135004]), array([0.04668633, 0.04668633, 0.04668633, 0.06135004, 0.05958698,
       0.04668633, 0.01087638, 0.13510468, 0.13510468, 0.01087638,
       0.01085929, 0.05299163, 0.05299163, 0.05958698, 0.05299163,
       0.01086963, 0.04668633, 0.01085929, 0.04116911, 0.06135004]), array([0.00048088, 0.00048088, 0.00048088, 0.0005117 , 0.00050074,
       0.00048088, 0.31706409, 0.00052071, 0.00052071, 0.31706409,
       0.10986919, 0.00050949, 0.00050949, 0.00050074, 0.00050949,
       0.13866262, 0.00048088, 0.10986919, 0.00047163, 0.0005117 ]), array([0.11158612, 0.11158612, 0.11158612, 0.03214035, 0.05352572,
       0.11158612, 0.0064428 , 0.03100876, 0.03100876, 0.0064428 ,
       0.00643384, 0.04411761, 0.04411761, 0.05352572, 0.04411761,
       0.00644094, 0.11158612, 0.00643384, 0.04417269, 0.03214035]), array([3.34248196e-04, 3.34248196e-04, 3.34248196e-04, 3.55684318e-04,
       3.48044984e-04, 3.34248196e-04, 8.57620630e-02, 3.61855289e-04,
       3.61855289e-04, 8.57620630e-02, 3.57197523e-01, 3.54092863e-04,
       3.54092863e-04, 3.48044984e-04, 3.54092863e-04, 1.08888290e-01,
       3.34248196e-04, 3.57197523e-01, 3.27849846e-04, 3.55684318e-04]), array([0.000636  , 0.000636  , 0.000636  , 0.00067674, 0.0006623 ,
       0.000636  , 0.18790054, 0.00068848, 0.00068848, 0.18790054,
       0.15137746, 0.00067376, 0.00067376, 0.0006623 , 0.00067376,
       0.31156388, 0.000636  , 0.15137746, 0.00062378, 0.00067674]), array([0.07114063, 0.07114063, 0.07114063, 0.04882237, 0.05850175,
       0.07114063, 0.01014201, 0.04104116, 0.04104116, 0.01014201,
       0.01012813, 0.07759685, 0.07759685, 0.05850175, 0.07759685,
       0.01013866, 0.07114063, 0.01012813, 0.06409682, 0.04882237]), array([0.11158612, 0.11158612, 0.11158612, 0.03214035, 0.05352572,
       0.11158612, 0.0064428 , 0.03100876, 0.03100876, 0.0064428 ,
       0.00643384, 0.04411761, 0.04411761, 0.05352572, 0.04411761,
       0.00644094, 0.11158612, 0.00643384, 0.04417269, 0.03214035]), array([0.11158612, 0.11158612, 0.11158612, 0.03214035, 0.05352572,
       0.11158612, 0.0064428 , 0.03100876, 0.03100876, 0.0064428 ,
       0.00643384, 0.04411761, 0.04411761, 0.05352572, 0.04411761,
       0.00644094, 0.11158612, 0.00643384, 0.04417269, 0.03214035]), array([3.34248196e-04, 3.34248196e-04, 3.34248196e-04, 3.55684318e-04,
       3.48044984e-04, 3.34248196e-04, 8.57620630e-02, 3.61855289e-04,
       3.61855289e-04, 8.57620630e-02, 3.57197523e-01, 3.54092863e-04,
       3.54092863e-04, 3.48044984e-04, 3.54092863e-04, 1.08888290e-01,
       3.34248196e-04, 3.57197523e-01, 3.27849846e-04, 3.55684318e-04]), array([0.00048088, 0.00048088, 0.00048088, 0.0005117 , 0.00050074,
       0.00048088, 0.31706409, 0.00052071, 0.00052071, 0.31706409,
       0.10986919, 0.00050949, 0.00050949, 0.00050074, 0.00050949,
       0.13866262, 0.00048088, 0.10986919, 0.00047163, 0.0005117 ])][0m
[91mTraining[0m
[91mOriginal Flower Evaluation[0m
[93mRound 7 - Aggregated loss: 0.007918756874278187 - Aggregated metrics: {'accuracy': 0.609114400944587}[0m
[91mDescriptor extraction - evaluation[0m
[91mClustering using extended Px_label_long descriptors[0m
[91mRound 8 - Shape descriptors (20, 420)[0m
[91mRound 8 - Client distances: [array([0.06044181, 0.04670505, 0.09206567, 0.05955044, 0.04965958,
       0.05955044, 0.06044181, 0.09206567, 0.04965958, 0.06719804,
       0.06719804, 0.01290963, 0.06044181, 0.01287399, 0.01291166,
       0.04965958, 0.06044181, 0.06044181, 0.01287399, 0.01290963]), array([0.00070897, 0.00066949, 0.00076854, 0.00075625, 0.00069277,
       0.00075625, 0.00070897, 0.00076854, 0.00069277, 0.00081231,
       0.00081231, 0.18228881, 0.00070897, 0.20316928, 0.21811697,
       0.00069277, 0.00070897, 0.00070897, 0.20316928, 0.18228881]), array([0.00054362, 0.00051325, 0.00058945, 0.00057983, 0.00053112,
       0.00057983, 0.00054362, 0.00058945, 0.00053112, 0.000623  ,
       0.000623  , 0.18356763, 0.00054362, 0.1273633 , 0.36972885,
       0.00053112, 0.00054362, 0.00054362, 0.1273633 , 0.18356763]), array([0.03787896, 0.03013688, 0.05535696, 0.04503551, 0.03327234,
       0.04503551, 0.03787896, 0.05535696, 0.03327234, 0.21710607,
       0.21710607, 0.00914182, 0.03787896, 0.00911502, 0.00914055,
       0.03327234, 0.03787896, 0.03787896, 0.00911502, 0.00914182]), array([0.07325727, 0.09078804, 0.05368207, 0.05737318, 0.06194962,
       0.05737318, 0.07325727, 0.05368207, 0.06194962, 0.04285045,
       0.04285045, 0.00986298, 0.07325727, 0.00983733, 0.00986473,
       0.06194962, 0.07325727, 0.07325727, 0.00983733, 0.00986298]), array([0.03787896, 0.03013688, 0.05535696, 0.04503551, 0.03327234,
       0.04503551, 0.03787896, 0.05535696, 0.03327234, 0.21710607,
       0.21710607, 0.00914182, 0.03787896, 0.00911502, 0.00914055,
       0.03327234, 0.03787896, 0.03787896, 0.00911502, 0.00914182]), array([0.06044181, 0.04670505, 0.09206567, 0.05955044, 0.04965958,
       0.05955044, 0.06044181, 0.09206567, 0.04965958, 0.06719804,
       0.06719804, 0.01290963, 0.06044181, 0.01287399, 0.01291166,
       0.04965958, 0.06044181, 0.06044181, 0.01287399, 0.01290963]), array([0.00070897, 0.00066949, 0.00076854, 0.00075625, 0.00069277,
       0.00075625, 0.00070897, 0.00076854, 0.00069277, 0.00081231,
       0.00081231, 0.18228881, 0.00070897, 0.20316928, 0.21811697,
       0.00069277, 0.00070897, 0.00070897, 0.20316928, 0.18228881]), array([0.05242787, 0.04712809, 0.12064315, 0.05190939, 0.04786916,
       0.05190939, 0.05242787, 0.12064315, 0.04786916, 0.07322333,
       0.07322333, 0.01112594, 0.05242787, 0.01109701, 0.01112744,
       0.04786916, 0.05242787, 0.05242787, 0.01109701, 0.01112594]), array([0.06428899, 0.04811832, 0.05219251, 0.12223347, 0.04623758,
       0.12223347, 0.06428899, 0.05219251, 0.04623758, 0.05033949,
       0.05033949, 0.00844752, 0.06428899, 0.00842442, 0.00844916,
       0.04623758, 0.06428899, 0.06428899, 0.00842442, 0.00844752]), array([0.06428899, 0.04811832, 0.05219251, 0.12223347, 0.04623758,
       0.12223347, 0.06428899, 0.05219251, 0.04623758, 0.05033949,
       0.05033949, 0.00844752, 0.06428899, 0.00842442, 0.00844916,
       0.04623758, 0.06428899, 0.06428899, 0.00842442, 0.00844752]), array([0.05242787, 0.04712809, 0.12064315, 0.05190939, 0.04786916,
       0.05190939, 0.05242787, 0.12064315, 0.04786916, 0.07322333,
       0.07322333, 0.01112594, 0.05242787, 0.01109701, 0.01112744,
       0.04786916, 0.05242787, 0.05242787, 0.01109701, 0.01112594]), array([0.03787896, 0.03013688, 0.05535696, 0.04503551, 0.03327234,
       0.04503551, 0.03787896, 0.05535696, 0.03327234, 0.21710607,
       0.21710607, 0.00914182, 0.03787896, 0.00911502, 0.00914055,
       0.03327234, 0.03787896, 0.03787896, 0.00911502, 0.00914182]), array([0.08794315, 0.0584735 , 0.04723808, 0.06802957, 0.05164228,
       0.06802957, 0.08794315, 0.04723808, 0.05164228, 0.03794835,
       0.03794835, 0.00809835, 0.08794315, 0.00807784, 0.00809955,
       0.05164228, 0.08794315, 0.08794315, 0.00807784, 0.00809835]), array([0.05242787, 0.04712809, 0.12064315, 0.05190939, 0.04786916,
       0.05190939, 0.05242787, 0.12064315, 0.04786916, 0.07322333,
       0.07322333, 0.01112594, 0.05242787, 0.01109701, 0.01112744,
       0.04786916, 0.05242787, 0.05242787, 0.01109701, 0.01112594]), array([0.00046436, 0.00043837, 0.00050348, 0.00049532, 0.00045369,
       0.00049532, 0.00046436, 0.00050348, 0.00045369, 0.00053231,
       0.00053231, 0.3324378 , 0.00046436, 0.09677505, 0.13439082,
       0.00045369, 0.00046436, 0.00046436, 0.09677505, 0.3324378 ]), array([0.06439596, 0.05001814, 0.06475175, 0.06207021, 0.07870779,
       0.06207021, 0.06439596, 0.06475175, 0.07870779, 0.04515079,
       0.04515079, 0.00959689, 0.06439596, 0.00957102, 0.00959738,
       0.07870779, 0.06439596, 0.06439596, 0.00957102, 0.00959689]), array([0.00072544, 0.00068495, 0.00078653, 0.00077385, 0.00070882,
       0.00077385, 0.00072544, 0.00078653, 0.00070882, 0.00083135,
       0.00083135, 0.19902159, 0.00072544, 0.20076037, 0.18921402,
       0.00070882, 0.00072544, 0.00072544, 0.20076037, 0.19902159]), array([0.05242787, 0.04712809, 0.12064315, 0.05190939, 0.04786916,
       0.05190939, 0.05242787, 0.12064315, 0.04786916, 0.07322333,
       0.07322333, 0.01112594, 0.05242787, 0.01109701, 0.01112744,
       0.04786916, 0.05242787, 0.05242787, 0.01109701, 0.01112594]), array([0.03787896, 0.03013688, 0.05535696, 0.04503551, 0.03327234,
       0.04503551, 0.03787896, 0.05535696, 0.03327234, 0.21710607,
       0.21710607, 0.00914182, 0.03787896, 0.00911502, 0.00914055,
       0.03327234, 0.03787896, 0.03787896, 0.00911502, 0.00914182])][0m
[91mTraining[0m
[91mOriginal Flower Evaluation[0m
[93mRound 8 - Aggregated loss: 0.008311754954047502 - Aggregated metrics: {'accuracy': 0.6206738102540206}[0m
[91mDescriptor extraction - evaluation[0m
[91mClustering using extended Px_label_long descriptors[0m
[91mRound 9 - Shape descriptors (20, 420)[0m
[91mRound 9 - Client distances: [array([0.00058584, 0.16074463, 0.14488471, 0.00060325, 0.00053858,
       0.00060325, 0.00058584, 0.16074463, 0.00057701, 0.00057399,
       0.00057399, 0.00057701, 0.00060325, 0.0005365 , 0.00057701,
       0.1411853 , 0.00056197, 0.383763  , 0.00057701, 0.00060325]), array([0.00058273, 0.27130324, 0.18455976, 0.00060008, 0.00053578,
       0.00060008, 0.00058273, 0.27130324, 0.00057406, 0.00057106,
       0.00057106, 0.00057406, 0.00060008, 0.00053363, 0.00057406,
       0.13456531, 0.00055901, 0.12963591, 0.00057406, 0.00060008]), array([0.04188733, 0.00775624, 0.00777383, 0.12321892, 0.03064761,
       0.12321892, 0.04188733, 0.00775624, 0.05088236, 0.04244951,
       0.04244951, 0.05088236, 0.12321892, 0.03251285, 0.05088236,
       0.0077784 , 0.03293147, 0.0077646 , 0.05088236, 0.12321892]), array([0.00057939, 0.17525634, 0.34534221, 0.00059654, 0.00053262,
       0.00059654, 0.00057939, 0.17525634, 0.00057068, 0.00056766,
       0.00056766, 0.00057068, 0.00059654, 0.00053048, 0.00057068,
       0.15348403, 0.00055572, 0.14207927, 0.00057068, 0.00059654]), array([0.00058273, 0.27130324, 0.18455976, 0.00060008, 0.00053578,
       0.00060008, 0.00058273, 0.27130324, 0.00057406, 0.00057106,
       0.00057106, 0.00057406, 0.00060008, 0.00053363, 0.00057406,
       0.13456531, 0.00055901, 0.12963591, 0.00057406, 0.00060008]), array([0.12990624, 0.008584  , 0.00860403, 0.05300014, 0.04035295,
       0.05300014, 0.12990624, 0.008584  , 0.06620435, 0.04800614,
       0.04800614, 0.06620435, 0.05300014, 0.03880244, 0.06620435,
       0.00860591, 0.04523182, 0.00859214, 0.06620435, 0.05300014]), array([0.070147  , 0.00862681, 0.00864658, 0.04761665, 0.04728243,
       0.04761665, 0.070147  , 0.00862681, 0.09633637, 0.0486468 ,
       0.0486468 , 0.09633637, 0.04761665, 0.04387534, 0.09633637,
       0.00864774, 0.05225935, 0.00863528, 0.09633637, 0.04761665]), array([0.070147  , 0.00862681, 0.00864658, 0.04761665, 0.04728243,
       0.04761665, 0.070147  , 0.00862681, 0.09633637, 0.0486468 ,
       0.0486468 , 0.09633637, 0.04761665, 0.04387534, 0.09633637,
       0.00864774, 0.05225935, 0.00863528, 0.09633637, 0.04761665]), array([0.00056141, 0.11892613, 0.17567883, 0.00057819, 0.00051605,
       0.00057819, 0.00056141, 0.11892613, 0.00055298, 0.00054998,
       0.00054998, 0.00055298, 0.00057819, 0.00051399, 0.00055298,
       0.439558  , 0.00053849, 0.13859491, 0.00055298, 0.00057819]), array([0.04188733, 0.00775624, 0.00777383, 0.12321892, 0.03064761,
       0.12321892, 0.04188733, 0.00775624, 0.05088236, 0.04244951,
       0.04244951, 0.05088236, 0.12321892, 0.03251285, 0.05088236,
       0.0077784 , 0.03293147, 0.0077646 , 0.05088236, 0.12321892]), array([0.0533701 , 0.01182177, 0.01184387, 0.05154837, 0.06815926,
       0.05154837, 0.0533701 , 0.01182177, 0.05448516, 0.07033049,
       0.07033049, 0.05448516, 0.05154837, 0.08242909, 0.05448516,
       0.01184853, 0.1187078 , 0.0118326 , 0.05448516, 0.05154837]), array([0.05341465, 0.01079843, 0.01082028, 0.04994954, 0.07804174,
       0.04994954, 0.05341465, 0.01079843, 0.05294665, 0.08476069,
       0.08476069, 0.05294665, 0.04994954, 0.11647269, 0.05294665,
       0.0108233 , 0.06350104, 0.01080863, 0.05294665, 0.04994954]), array([0.04545136, 0.00950546, 0.00952351, 0.04916485, 0.05275989,
       0.04916485, 0.04545136, 0.00950546, 0.04498087, 0.14250815,
       0.14250815, 0.04498087, 0.04916485, 0.08026506, 0.04498087,
       0.00952709, 0.06689769, 0.00951393, 0.04498087, 0.04916485]), array([0.04927845, 0.01178   , 0.01180168, 0.04627857, 0.1172233 ,
       0.04627857, 0.04927845, 0.01178   , 0.05959751, 0.07547486,
       0.07547486, 0.05959751, 0.04627857, 0.08070114, 0.05959751,
       0.01180362, 0.0701109 , 0.01178841, 0.05959751, 0.04627857]), array([0.04188733, 0.00775624, 0.00777383, 0.12321892, 0.03064761,
       0.12321892, 0.04188733, 0.00775624, 0.05088236, 0.04244951,
       0.04244951, 0.05088236, 0.12321892, 0.03251285, 0.05088236,
       0.0077784 , 0.03293147, 0.0077646 , 0.05088236, 0.12321892]), array([0.04188733, 0.00775624, 0.00777383, 0.12321892, 0.03064761,
       0.12321892, 0.04188733, 0.00775624, 0.05088236, 0.04244951,
       0.04244951, 0.05088236, 0.12321892, 0.03251285, 0.05088236,
       0.0077784 , 0.03293147, 0.0077646 , 0.05088236, 0.12321892]), array([0.04545136, 0.00950546, 0.00952351, 0.04916485, 0.05275989,
       0.04916485, 0.04545136, 0.00950546, 0.04498087, 0.14250815,
       0.14250815, 0.04498087, 0.04916485, 0.08026506, 0.04498087,
       0.00952709, 0.06689769, 0.00951393, 0.04498087, 0.04916485]), array([0.070147  , 0.00862681, 0.00864658, 0.04761665, 0.04728243,
       0.04761665, 0.070147  , 0.00862681, 0.09633637, 0.0486468 ,
       0.0486468 , 0.09633637, 0.04761665, 0.04387534, 0.09633637,
       0.00864774, 0.05225935, 0.00863528, 0.09633637, 0.04761665]), array([0.12990624, 0.008584  , 0.00860403, 0.05300014, 0.04035295,
       0.05300014, 0.12990624, 0.008584  , 0.06620435, 0.04800614,
       0.04800614, 0.06620435, 0.05300014, 0.03880244, 0.06620435,
       0.00860591, 0.04523182, 0.00859214, 0.06620435, 0.05300014]), array([0.070147  , 0.00862681, 0.00864658, 0.04761665, 0.04728243,
       0.04761665, 0.070147  , 0.00862681, 0.09633637, 0.0486468 ,
       0.0486468 , 0.09633637, 0.04761665, 0.04387534, 0.09633637,
       0.00864774, 0.05225935, 0.00863528, 0.09633637, 0.04761665])][0m
[91mTraining[0m
[91mOriginal Flower Evaluation[0m
[93mRound 9 - Aggregated loss: 0.008693544520065188 - Aggregated metrics: {'accuracy': 0.6166496396023325}[0m
[91mDescriptor extraction - evaluation[0m
[91mClustering using extended Px_label_long descriptors[0m
[91mRound 10 - Shape descriptors (20, 420)[0m
[91mRound 10 - Client distances: [array([0.010318  , 0.01031113, 0.04545997, 0.01032341, 0.01031113,
       0.04932112, 0.05301987, 0.05301987, 0.01032625, 0.04545997,
       0.06868404, 0.15658476, 0.0805823 , 0.06941512, 0.04545997,
       0.04545997, 0.0805823 , 0.05301987, 0.04932112, 0.05301987]), array([0.01237386, 0.01236705, 0.05398332, 0.01238077, 0.01236705,
       0.05657748, 0.05994313, 0.05994313, 0.01238743, 0.05398332,
       0.10945947, 0.05805258, 0.06751552, 0.06671997, 0.05398332,
       0.05398332, 0.06751552, 0.05994313, 0.05657748, 0.05994313]), array([0.20739224, 0.20970299, 0.00085412, 0.20112204, 0.20970299,
       0.00084615, 0.00081755, 0.00081755, 0.15986106, 0.00085412,
       0.00074893, 0.00075791, 0.00080074, 0.00073137, 0.00085412,
       0.00085412, 0.00080074, 0.00081755, 0.00084615, 0.00081755]), array([0.01322605, 0.01321349, 0.0609023 , 0.01322988, 0.01321349,
       0.06386072, 0.06429477, 0.06429477, 0.01323711, 0.0609023 ,
       0.05949232, 0.06414185, 0.0640543 , 0.05362747, 0.0609023 ,
       0.0609023 , 0.0640543 , 0.06429477, 0.06386072, 0.06429477]), array([0.01055767, 0.01055262, 0.04380278, 0.01056437, 0.01055262,
       0.04946116, 0.05767624, 0.05767624, 0.01056732, 0.04380278,
       0.06129947, 0.07936212, 0.0584916 , 0.18472223, 0.04380278,
       0.04380278, 0.0584916 , 0.05767624, 0.04946116, 0.05767624]), array([0.0082252 , 0.0082196 , 0.04489221, 0.00822936, 0.0082196 ,
       0.04457404, 0.04161029, 0.04161029, 0.00823238, 0.04489221,
       0.04847472, 0.05922017, 0.18726433, 0.0414922 , 0.04489221,
       0.04489221, 0.18726433, 0.04161029, 0.04457404, 0.04161029]), array([0.20739224, 0.20970299, 0.00085412, 0.20112204, 0.20970299,
       0.00084615, 0.00081755, 0.00081755, 0.15986106, 0.00085412,
       0.00074893, 0.00075791, 0.00080074, 0.00073137, 0.00085412,
       0.00085412, 0.00080074, 0.00081755, 0.00084615, 0.00081755]), array([0.00763158, 0.00762687, 0.04369366, 0.00763641, 0.00762687,
       0.06695282, 0.11848256, 0.11848256, 0.00763882, 0.04369366,
       0.03307938, 0.03617993, 0.03885262, 0.03226438, 0.04369366,
       0.04369366, 0.03885262, 0.11848256, 0.06695282, 0.11848256]), array([0.00806894, 0.00806329, 0.04411932, 0.0080742 , 0.00806329,
       0.15781677, 0.07182069, 0.07182069, 0.0080767 , 0.04411932,
       0.03220848, 0.03800295, 0.03877922, 0.03249009, 0.04411932,
       0.04411932, 0.03877922, 0.07182069, 0.15781677, 0.07182069]), array([0.01322605, 0.01321349, 0.0609023 , 0.01322988, 0.01321349,
       0.06386072, 0.06429477, 0.06429477, 0.01323711, 0.0609023 ,
       0.05949232, 0.06414185, 0.0640543 , 0.05362747, 0.0609023 ,
       0.0609023 , 0.0640543 , 0.06429477, 0.06386072, 0.06429477]), array([0.22835925, 0.19104922, 0.00085454, 0.19747701, 0.19104922,
       0.00084644, 0.00081781, 0.00081781, 0.17984179, 0.00085454,
       0.00074923, 0.00075826, 0.00080105, 0.00073164, 0.00085454,
       0.00085454, 0.00080105, 0.00081781, 0.00084644, 0.00081781]), array([0.01237386, 0.01236705, 0.05398332, 0.01238077, 0.01236705,
       0.05657748, 0.05994313, 0.05994313, 0.01238743, 0.05398332,
       0.10945947, 0.05805258, 0.06751552, 0.06671997, 0.05398332,
       0.05398332, 0.06751552, 0.05994313, 0.05657748, 0.05994313]), array([0.00763158, 0.00762687, 0.04369366, 0.00763641, 0.00762687,
       0.06695282, 0.11848256, 0.11848256, 0.00763882, 0.04369366,
       0.03307938, 0.03617993, 0.03885262, 0.03226438, 0.04369366,
       0.04369366, 0.03885262, 0.11848256, 0.06695282, 0.11848256]), array([0.00806894, 0.00806329, 0.04411932, 0.0080742 , 0.00806329,
       0.15781677, 0.07182069, 0.07182069, 0.0080767 , 0.04411932,
       0.03220848, 0.03800295, 0.03877922, 0.03249009, 0.04411932,
       0.04411932, 0.03877922, 0.07182069, 0.15781677, 0.07182069]), array([0.01055767, 0.01055262, 0.04380278, 0.01056437, 0.01055262,
       0.04946116, 0.05767624, 0.05767624, 0.01056732, 0.04380278,
       0.06129947, 0.07936212, 0.0584916 , 0.18472223, 0.04380278,
       0.04380278, 0.0584916 , 0.05767624, 0.04946116, 0.05767624]), array([0.00682024, 0.00681586, 0.15392515, 0.00682423, 0.00681586,
       0.04009224, 0.0349878 , 0.0349878 , 0.00682914, 0.15392515,
       0.0227034 , 0.0270875 , 0.02945645, 0.02135459, 0.15392515,
       0.15392515, 0.02945645, 0.0349878 , 0.04009224, 0.0349878 ]), array([0.00763158, 0.00762687, 0.04369366, 0.00763641, 0.00762687,
       0.06695282, 0.11848256, 0.11848256, 0.00763882, 0.04369366,
       0.03307938, 0.03617993, 0.03885262, 0.03226438, 0.04369366,
       0.04369366, 0.03885262, 0.11848256, 0.06695282, 0.11848256]), array([0.15808618, 0.15618043, 0.00065671, 0.16025989, 0.15618043,
       0.00065046, 0.00062834, 0.00062834, 0.35990093, 0.00065671,
       0.00057559, 0.00058248, 0.00061545, 0.00056202, 0.00065671,
       0.00065671, 0.00061545, 0.00062834, 0.00065046, 0.00062834]), array([0.22835925, 0.19104922, 0.00085454, 0.19747701, 0.19104922,
       0.00084644, 0.00081781, 0.00081781, 0.17984179, 0.00085454,
       0.00074923, 0.00075826, 0.00080105, 0.00073164, 0.00085454,
       0.00085454, 0.00080105, 0.00081781, 0.00084644, 0.00081781]), array([0.010318  , 0.01031113, 0.04545997, 0.01032341, 0.01031113,
       0.04932112, 0.05301987, 0.05301987, 0.01032625, 0.04545997,
       0.06868404, 0.15658476, 0.0805823 , 0.06941512, 0.04545997,
       0.04545997, 0.0805823 , 0.05301987, 0.04932112, 0.05301987])][0m
[91mTraining[0m
[91mOriginal Flower Evaluation[0m
[93mRound 10 - Aggregated loss: 0.008279339177533984 - Aggregated metrics: {'accuracy': 0.635029676348584}[0m
[91mDescriptor extraction - evaluation[0m
[91mClustering using extended Px_label_long descriptors[0m
[91mRound 11 - Shape descriptors (20, 420)[0m
[91mRound 11 - Client distances: [array([0.04468814, 0.04394617, 0.01185552, 0.05048897, 0.04162191,
       0.05275541, 0.01185552, 0.0632343 , 0.06077667, 0.05048897,
       0.01185987, 0.04394617, 0.0632343 , 0.06077667, 0.04162191,
       0.21518363, 0.0632343 , 0.01188358, 0.01185987, 0.04468814]), array([0.06782931, 0.06059777, 0.00953557, 0.04302021, 0.13824755,
       0.05810589, 0.00953557, 0.04881237, 0.04529196, 0.04302021,
       0.00953829, 0.06059777, 0.04881237, 0.04529196, 0.13824755,
       0.03778066, 0.04881237, 0.00955503, 0.00953829, 0.06782931]), array([0.10352326, 0.05826253, 0.01048698, 0.05451401, 0.06716187,
       0.08025579, 0.01048698, 0.05142124, 0.05053972, 0.05451401,
       0.0104905 , 0.05826253, 0.05142124, 0.05053972, 0.06716187,
       0.04501384, 0.05142124, 0.01050891, 0.0104905 , 0.10352326]), array([0.04181503, 0.03998288, 0.01127976, 0.04203001, 0.04108223,
       0.04789265, 0.01127976, 0.0862439 , 0.12580382, 0.04203001,
       0.01128115, 0.03998288, 0.0862439 , 0.12580382, 0.04108223,
       0.05552047, 0.0862439 , 0.0113054 , 0.01128115, 0.04181503]), array([0.06782931, 0.06059777, 0.00953557, 0.04302021, 0.13824755,
       0.05810589, 0.00953557, 0.04881237, 0.04529196, 0.04302021,
       0.00953829, 0.06059777, 0.04881237, 0.04529196, 0.13824755,
       0.03778066, 0.04881237, 0.00955503, 0.00953829, 0.06782931]), array([0.04181503, 0.03998288, 0.01127976, 0.04203001, 0.04108223,
       0.04789265, 0.01127976, 0.0862439 , 0.12580382, 0.04203001,
       0.01128115, 0.03998288, 0.0862439 , 0.12580382, 0.04108223,
       0.05552047, 0.0862439 , 0.0113054 , 0.01128115, 0.04181503]), array([2.01917105e-04, 2.11492043e-04, 3.89506015e-01, 2.08912424e-04,
       1.98076911e-04, 2.21545730e-04, 3.89506015e-01, 2.27281116e-04,
       2.25918385e-04, 2.08912424e-04, 8.35408161e-02, 2.11492043e-04,
       2.27281116e-04, 2.25918385e-04, 1.98076911e-04, 2.34408702e-04,
       2.27281116e-04, 5.06759058e-02, 8.35408161e-02, 2.01917105e-04]), array([0.10352326, 0.05826253, 0.01048698, 0.05451401, 0.06716187,
       0.08025579, 0.01048698, 0.05142124, 0.05053972, 0.05451401,
       0.0104905 , 0.05826253, 0.05142124, 0.05053972, 0.06716187,
       0.04501384, 0.05142124, 0.01050891, 0.0104905 , 0.10352326]), array([0.00057169, 0.00059893, 0.13906193, 0.00059151, 0.00056078,
       0.00062743, 0.13906193, 0.00064358, 0.00063982, 0.00059151,
       0.15226961, 0.00059893, 0.00064358, 0.00063982, 0.00056078,
       0.00066397, 0.00064358, 0.40818929, 0.15226961, 0.00057169]), array([0.05176793, 0.04910302, 0.01161095, 0.13294669, 0.04293673,
       0.05627464, 0.01161095, 0.05281493, 0.06162819, 0.13294669,
       0.01161233, 0.04910302, 0.05281493, 0.06162819, 0.04293673,
       0.05043165, 0.05281493, 0.01163727, 0.01161233, 0.05176793]), array([2.01917105e-04, 2.11492043e-04, 3.89506015e-01, 2.08912424e-04,
       1.98076911e-04, 2.21545730e-04, 3.89506015e-01, 2.27281116e-04,
       2.25918385e-04, 2.08912424e-04, 8.35408161e-02, 2.11492043e-04,
       2.27281116e-04, 2.25918385e-04, 1.98076911e-04, 2.34408702e-04,
       2.27281116e-04, 5.06759058e-02, 8.35408161e-02, 2.01917105e-04]), array([0.04195959, 0.04281548, 0.00955057, 0.04193842, 0.04393318,
       0.04801998, 0.00955057, 0.11228269, 0.08008973, 0.04193842,
       0.00955283, 0.04281548, 0.11228269, 0.08008973, 0.04393318,
       0.06588098, 0.11228269, 0.00957138, 0.00955283, 0.04195959]), array([0.06263881, 0.10469381, 0.01057056, 0.0516864 , 0.05386953,
       0.07872401, 0.01057056, 0.05854769, 0.05108078, 0.0516864 ,
       0.01057314, 0.10469381, 0.05854769, 0.05108078, 0.05386953,
       0.04481354, 0.05854769, 0.01059332, 0.01057314, 0.06263881]), array([0.06263881, 0.10469381, 0.01057056, 0.0516864 , 0.05386953,
       0.07872401, 0.01057056, 0.05854769, 0.05108078, 0.0516864 ,
       0.01057314, 0.10469381, 0.05854769, 0.05108078, 0.05386953,
       0.04481354, 0.05854769, 0.01059332, 0.01057314, 0.06263881]), array([0.00035908, 0.00037608, 0.16744324, 0.00037143, 0.00035224,
       0.00039398, 0.16744324, 0.00040414, 0.00040174, 0.00037143,
       0.2831075 , 0.00037608, 0.00040414, 0.00040174, 0.00035224,
       0.00041685, 0.00040414, 0.09315412, 0.2831075 , 0.00035908]), array([0.00035908, 0.00037608, 0.16744324, 0.00037143, 0.00035224,
       0.00039398, 0.16744324, 0.00040414, 0.00040174, 0.00037143,
       0.2831075 , 0.00037608, 0.00040414, 0.00040174, 0.00035224,
       0.00041685, 0.00040414, 0.09315412, 0.2831075 , 0.00035908]), array([0.04195959, 0.04281548, 0.00955057, 0.04193842, 0.04393318,
       0.04801998, 0.00955057, 0.11228269, 0.08008973, 0.04193842,
       0.00955283, 0.04281548, 0.11228269, 0.08008973, 0.04393318,
       0.06588098, 0.11228269, 0.00957138, 0.00955283, 0.04195959]), array([0.06631348, 0.05649227, 0.0105582 , 0.04887546, 0.05012056,
       0.16284966, 0.0105582 , 0.0586468 , 0.05521856, 0.04887546,
       0.01056117, 0.05649227, 0.0586468 , 0.05521856, 0.05012056,
       0.05434894, 0.0586468 , 0.01058159, 0.01056117, 0.06631348]), array([0.05176793, 0.04910302, 0.01161095, 0.13294669, 0.04293673,
       0.05627464, 0.01161095, 0.05281493, 0.06162819, 0.13294669,
       0.01161233, 0.04910302, 0.05281493, 0.06162819, 0.04293673,
       0.05043165, 0.05281493, 0.01163727, 0.01161233, 0.05176793]), array([0.04195959, 0.04281548, 0.00955057, 0.04193842, 0.04393318,
       0.04801998, 0.00955057, 0.11228269, 0.08008973, 0.04193842,
       0.00955283, 0.04281548, 0.11228269, 0.08008973, 0.04393318,
       0.06588098, 0.11228269, 0.00957138, 0.00955283, 0.04195959])][0m
[91mTraining[0m
[91mOriginal Flower Evaluation[0m
[93mRound 11 - Aggregated loss: 0.007959288964048027 - Aggregated metrics: {'accuracy': 0.6313638741445508}[0m
[91mDescriptor extraction - evaluation[0m
[91mClustering using extended Px_label_long descriptors[0m
[91mRound 12 - Shape descriptors (20, 420)[0m
[91mRound 12 - Client distances: [array([0.04298376, 0.06676011, 0.07175605, 0.0432387 , 0.06676011,
       0.0432387 , 0.00935104, 0.07175605, 0.00937361, 0.0490723 ,
       0.00935104, 0.05421001, 0.11256528, 0.11256528, 0.00935232,
       0.00935232, 0.05421001, 0.06082097, 0.0490723 , 0.05421001]), array([0.00076362, 0.00067648, 0.00070139, 0.00079372, 0.00067648,
       0.00079372, 0.17909545, 0.00070139, 0.24106784, 0.00072864,
       0.17909545, 0.00076417, 0.00071865, 0.00071865, 0.19484918,
       0.19484918, 0.00076417, 0.000749  , 0.00072864, 0.00076417]), array([0.00078668, 0.00069693, 0.00072261, 0.00081766, 0.00069693,
       0.00081766, 0.18701654, 0.00072261, 0.22272608, 0.0007507 ,
       0.18701654, 0.00078721, 0.00074037, 0.00074037, 0.19593212,
       0.19593212, 0.00078721, 0.00077174, 0.0007507 , 0.00078721]), array([0.04051248, 0.07793022, 0.12584259, 0.04057824, 0.07793022,
       0.04057824, 0.00938279, 0.12584259, 0.00940416, 0.04425139,
       0.00938279, 0.04757221, 0.06178538, 0.06178538, 0.00938431,
       0.00938431, 0.04757221, 0.06905693, 0.04425139, 0.04757221]), array([0.03843369, 0.14528676, 0.06743054, 0.04290052, 0.14528676,
       0.04290052, 0.00977903, 0.06743054, 0.00980022, 0.04101858,
       0.00977903, 0.05107659, 0.0563198 , 0.0563198 , 0.00978049,
       0.00978049, 0.05107659, 0.0535049 , 0.04101858, 0.05107659]), array([0.04051248, 0.07793022, 0.12584259, 0.04057824, 0.07793022,
       0.04057824, 0.00938279, 0.12584259, 0.00940416, 0.04425139,
       0.00938279, 0.04757221, 0.06178538, 0.06178538, 0.00938431,
       0.00938431, 0.04757221, 0.06905693, 0.04425139, 0.04757221]), array([0.11731311, 0.04134212, 0.04659101, 0.06800702, 0.04134212,
       0.06800702, 0.01379689, 0.04659101, 0.0138357 , 0.05446963,
       0.01379689, 0.07901547, 0.04868104, 0.04868104, 0.01379783,
       0.01379783, 0.07901547, 0.05843366, 0.05446963, 0.07901547]), array([0.04051248, 0.07793022, 0.12584259, 0.04057824, 0.07793022,
       0.04057824, 0.00938279, 0.12584259, 0.00940416, 0.04425139,
       0.00938279, 0.04757221, 0.06178538, 0.06178538, 0.00938431,
       0.00938431, 0.04757221, 0.06905693, 0.04425139, 0.04757221]), array([0.11731311, 0.04134212, 0.04659101, 0.06800702, 0.04134212,
       0.06800702, 0.01379689, 0.04659101, 0.0138357 , 0.05446963,
       0.01379689, 0.07901547, 0.04868104, 0.04868104, 0.01379783,
       0.01379783, 0.07901547, 0.05843366, 0.05446963, 0.07901547]), array([0.04051248, 0.07793022, 0.12584259, 0.04057824, 0.07793022,
       0.04057824, 0.00938279, 0.12584259, 0.00940416, 0.04425139,
       0.00938279, 0.04757221, 0.06178538, 0.06178538, 0.00938431,
       0.00938431, 0.04757221, 0.06905693, 0.04425139, 0.04757221]), array([0.04933463, 0.04803296, 0.05799957, 0.05061292, 0.04803296,
       0.05061292, 0.01027116, 0.05799957, 0.01029493, 0.12807483,
       0.01027116, 0.05612559, 0.05373719, 0.05373719, 0.01027072,
       0.01027072, 0.05612559, 0.05399493, 0.12807483, 0.05612559]), array([0.05168145, 0.05553213, 0.06777072, 0.04538161, 0.05553213,
       0.04538161, 0.01109683, 0.06777072, 0.01112527, 0.05190887,
       0.01109683, 0.05288023, 0.06829395, 0.06829395, 0.0110986 ,
       0.0110986 , 0.05288023, 0.15638713, 0.05190887, 0.05288023]), array([0.00078668, 0.00069693, 0.00072261, 0.00081766, 0.00069693,
       0.00081766, 0.18701654, 0.00072261, 0.22272608, 0.0007507 ,
       0.18701654, 0.00078721, 0.00074037, 0.00074037, 0.19593212,
       0.19593212, 0.00078721, 0.00077174, 0.0007507 , 0.00078721]), array([0.04051248, 0.07793022, 0.12584259, 0.04057824, 0.07793022,
       0.04057824, 0.00938279, 0.12584259, 0.00940416, 0.04425139,
       0.00938279, 0.04757221, 0.06178538, 0.06178538, 0.00938431,
       0.00938431, 0.04757221, 0.06905693, 0.04425139, 0.04757221]), array([0.04298376, 0.06676011, 0.07175605, 0.0432387 , 0.06676011,
       0.0432387 , 0.00935104, 0.07175605, 0.00937361, 0.0490723 ,
       0.00935104, 0.05421001, 0.11256528, 0.11256528, 0.00935232,
       0.00935232, 0.05421001, 0.06082097, 0.0490723 , 0.05421001]), array([0.04298376, 0.06676011, 0.07175605, 0.0432387 , 0.06676011,
       0.0432387 , 0.00935104, 0.07175605, 0.00937361, 0.0490723 ,
       0.00935104, 0.05421001, 0.11256528, 0.11256528, 0.00935232,
       0.00935232, 0.05421001, 0.06082097, 0.0490723 , 0.05421001]), array([0.03843369, 0.14528676, 0.06743054, 0.04290052, 0.14528676,
       0.04290052, 0.00977903, 0.06743054, 0.00980022, 0.04101858,
       0.00977903, 0.05107659, 0.0563198 , 0.0563198 , 0.00978049,
       0.00978049, 0.05107659, 0.0535049 , 0.04101858, 0.05107659]), array([0.04298376, 0.06676011, 0.07175605, 0.0432387 , 0.06676011,
       0.0432387 , 0.00935104, 0.07175605, 0.00937361, 0.0490723 ,
       0.00935104, 0.05421001, 0.11256528, 0.11256528, 0.00935232,
       0.00935232, 0.05421001, 0.06082097, 0.0490723 , 0.05421001]), array([0.00078668, 0.00069693, 0.00072261, 0.00081766, 0.00069693,
       0.00081766, 0.18701654, 0.00072261, 0.22272608, 0.0007507 ,
       0.18701654, 0.00078721, 0.00074037, 0.00074037, 0.19593212,
       0.19593212, 0.00078721, 0.00077174, 0.0007507 , 0.00078721]), array([0.00036936, 0.0003272 , 0.0003393 , 0.00038373, 0.0003272 ,
       0.00038373, 0.13069934, 0.0003393 , 0.08004861, 0.00035239,
       0.13069934, 0.00036954, 0.00034757, 0.00034757, 0.32660606,
       0.32660606, 0.00036954, 0.00036223, 0.00035239, 0.00036954])][0m
[91mTraining[0m
[91mOriginal Flower Evaluation[0m
[93mRound 12 - Aggregated loss: 0.007974261208437384 - Aggregated metrics: {'accuracy': 0.6168410659890974}[0m
[91mDescriptor extraction - evaluation[0m
[91mClustering using extended Px_label_long descriptors[0m
[91mRound 13 - Shape descriptors (20, 420)[0m
[91mRound 13 - Client distances: [array([0.065428  , 0.01282915, 0.01282461, 0.05798491, 0.05910567,
       0.05798491, 0.07075224, 0.05798491, 0.07075224, 0.05798491,
       0.06655227, 0.05799361, 0.01282461, 0.05798491, 0.065428  ,
       0.065428  , 0.05910567, 0.065428  , 0.01282461, 0.01279879]), array([5.03864066e-04, 1.27072602e-01, 1.18847782e-01, 4.83940640e-04,
       4.71043441e-04, 4.83940640e-04, 5.78211334e-04, 4.83940640e-04,
       5.78211334e-04, 4.83940640e-04, 5.01598899e-04, 5.21933525e-04,
       1.18847782e-01, 4.83940640e-04, 5.03864066e-04, 5.03864066e-04,
       4.71043441e-04, 5.03864066e-04, 1.18847782e-01, 5.08826850e-01]), array([0.05706143, 0.01110592, 0.01110339, 0.0538759 , 0.04736509,
       0.0538759 , 0.04728562, 0.0538759 , 0.04728562, 0.0538759 ,
       0.20483817, 0.05273709, 0.01110339, 0.0538759 , 0.05706143,
       0.05706143, 0.04736509, 0.05706143, 0.01110339, 0.01108203]), array([0.00037733, 0.13164401, 0.25620935, 0.0003624 , 0.00035278,
       0.0003624 , 0.00043293, 0.0003624 , 0.00043293, 0.0003624 ,
       0.00037561, 0.00039092, 0.25620935, 0.0003624 , 0.00037733,
       0.00037733, 0.00035278, 0.00037733, 0.25620935, 0.09406868]), array([0.06550823, 0.00926076, 0.00925958, 0.06999201, 0.05188469,
       0.06999201, 0.04210237, 0.06999201, 0.04210237, 0.06999201,
       0.04367032, 0.11008211, 0.00925958, 0.06999201, 0.06550823,
       0.06550823, 0.05188469, 0.06550823, 0.00925958, 0.00924097]), array([0.00077779, 0.2257692 , 0.20316998, 0.00074693, 0.00072697,
       0.00074693, 0.00089302, 0.00074693, 0.00089302, 0.00074693,
       0.00077436, 0.00080581, 0.20316998, 0.00074693, 0.00077779,
       0.00077779, 0.00072697, 0.00077779, 0.20316998, 0.15305487]), array([0.04543443, 0.00750122, 0.00749956, 0.10390241, 0.06076913,
       0.10390241, 0.02812131, 0.10390241, 0.02812131, 0.10390241,
       0.03686316, 0.04661983, 0.00749956, 0.10390241, 0.04543443,
       0.04543443, 0.06076913, 0.04543443, 0.00749956, 0.00748649]), array([0.00044595, 0.27144112, 0.20782846, 0.00042831, 0.00041693,
       0.00042831, 0.00051186, 0.00042831, 0.00051186, 0.00042831,
       0.00044397, 0.00046204, 0.20782846, 0.00042831, 0.00044595,
       0.00044595, 0.00041693, 0.00044595, 0.20782846, 0.0983846 ]), array([0.04543443, 0.00750122, 0.00749956, 0.10390241, 0.06076913,
       0.10390241, 0.02812131, 0.10390241, 0.02812131, 0.10390241,
       0.03686316, 0.04661983, 0.00749956, 0.10390241, 0.04543443,
       0.04543443, 0.06076913, 0.04543443, 0.00749956, 0.00748649]), array([0.05706143, 0.01110592, 0.01110339, 0.0538759 , 0.04736509,
       0.0538759 , 0.04728562, 0.0538759 , 0.04728562, 0.0538759 ,
       0.20483817, 0.05273709, 0.01110339, 0.0538759 , 0.05706143,
       0.05706143, 0.04736509, 0.05706143, 0.01110339, 0.01108203]), array([0.065428  , 0.01282915, 0.01282461, 0.05798491, 0.05910567,
       0.05798491, 0.07075224, 0.05798491, 0.07075224, 0.05798491,
       0.06655227, 0.05799361, 0.01282461, 0.05798491, 0.065428  ,
       0.065428  , 0.05910567, 0.065428  , 0.01282461, 0.01279879]), array([0.06395015, 0.01338343, 0.01337933, 0.05907733, 0.0579097 ,
       0.05907733, 0.07065304, 0.05907733, 0.07065304, 0.05907733,
       0.06595761, 0.05885728, 0.01337933, 0.05907733, 0.06395015,
       0.06395015, 0.0579097 , 0.06395015, 0.01337933, 0.01335097]), array([0.04543443, 0.00750122, 0.00749956, 0.10390241, 0.06076913,
       0.10390241, 0.02812131, 0.10390241, 0.02812131, 0.10390241,
       0.03686316, 0.04661983, 0.00749956, 0.10390241, 0.04543443,
       0.04543443, 0.06076913, 0.04543443, 0.00749956, 0.00748649]), array([0.06014646, 0.00833532, 0.00833392, 0.06670314, 0.11628224,
       0.06670314, 0.03135339, 0.06670314, 0.03135339, 0.06670314,
       0.04188023, 0.04709244, 0.00833392, 0.06670314, 0.06014646,
       0.06014646, 0.11628224, 0.06014646, 0.00833392, 0.00831746]), array([0.00075212, 0.21613095, 0.19443154, 0.00072233, 0.00070303,
       0.00072233, 0.00086311, 0.00072233, 0.00086311, 0.00072233,
       0.00074883, 0.00077917, 0.19443154, 0.00072233, 0.00075212,
       0.00075212, 0.00070303, 0.00075212, 0.19443154, 0.18929406]), array([0.065428  , 0.01282915, 0.01282461, 0.05798491, 0.05910567,
       0.05798491, 0.07075224, 0.05798491, 0.07075224, 0.05798491,
       0.06655227, 0.05799361, 0.01282461, 0.05798491, 0.065428  ,
       0.065428  , 0.05910567, 0.065428  , 0.01282461, 0.01279879]), array([0.05706143, 0.01110592, 0.01110339, 0.0538759 , 0.04736509,
       0.0538759 , 0.04728562, 0.0538759 , 0.04728562, 0.0538759 ,
       0.20483817, 0.05273709, 0.01110339, 0.0538759 , 0.05706143,
       0.05706143, 0.04736509, 0.05706143, 0.01110339, 0.01108203]), array([0.06550823, 0.00926076, 0.00925958, 0.06999201, 0.05188469,
       0.06999201, 0.04210237, 0.06999201, 0.04210237, 0.06999201,
       0.04367032, 0.11008211, 0.00925958, 0.06999201, 0.06550823,
       0.06550823, 0.05188469, 0.06550823, 0.00925958, 0.00924097]), array([0.06550823, 0.00926076, 0.00925958, 0.06999201, 0.05188469,
       0.06999201, 0.04210237, 0.06999201, 0.04210237, 0.06999201,
       0.04367032, 0.11008211, 0.00925958, 0.06999201, 0.06550823,
       0.06550823, 0.05188469, 0.06550823, 0.00925958, 0.00924097]), array([0.065428  , 0.01282915, 0.01282461, 0.05798491, 0.05910567,
       0.05798491, 0.07075224, 0.05798491, 0.07075224, 0.05798491,
       0.06655227, 0.05799361, 0.01282461, 0.05798491, 0.065428  ,
       0.065428  , 0.05910567, 0.065428  , 0.01282461, 0.01279879])][0m
[91mTraining[0m
[91mOriginal Flower Evaluation[0m
[93mRound 13 - Aggregated loss: 0.008702183165587485 - Aggregated metrics: {'accuracy': 0.6363374773851431}[0m
[91mDescriptor extraction - evaluation[0m
[91mClustering using extended Px_label_long descriptors[0m
[91mRound 14 - Shape descriptors (20, 420)[0m
[91mRound 14 - Client distances: [array([0.04045122, 0.00846935, 0.04274589, 0.00847094, 0.06671707,
       0.00849216, 0.11749769, 0.00848262, 0.11749769, 0.04274589,
       0.04045122, 0.03984132, 0.11749769, 0.07507226, 0.00848454,
       0.04045122, 0.04274589, 0.06671707, 0.06671707, 0.04045122]), array([0.08731173, 0.00960936, 0.05159365, 0.00961138, 0.05178419,
       0.00963961, 0.0429263 , 0.00962772, 0.0429263 , 0.05159365,
       0.08731173, 0.11746853, 0.0429263 , 0.04625609, 0.00962798,
       0.08731173, 0.05159365, 0.05178419, 0.05178419, 0.08731173]), array([0.04513597, 0.0091288 , 0.04206995, 0.00913139, 0.13178138,
       0.00915524, 0.05231551, 0.0091446 , 0.05231551, 0.04206995,
       0.04513597, 0.0425904 , 0.05231551, 0.0526593 , 0.00914587,
       0.04513597, 0.04206995, 0.13178138, 0.13178138, 0.04513597]), array([0.04536737, 0.00911877, 0.1409674 , 0.00911911, 0.04549194,
       0.00914535, 0.04329475, 0.0091331 , 0.04329475, 0.1409674 ,
       0.04536737, 0.0447529 , 0.04329475, 0.03886218, 0.00913685,
       0.04536737, 0.1409674 , 0.04549194, 0.04549194, 0.04536737]), array([0.04536737, 0.00911877, 0.1409674 , 0.00911911, 0.04549194,
       0.00914535, 0.04329475, 0.0091331 , 0.04329475, 0.1409674 ,
       0.04536737, 0.0447529 , 0.04329475, 0.03886218, 0.00913685,
       0.04536737, 0.1409674 , 0.04549194, 0.04549194, 0.04536737]), array([0.04045122, 0.00846935, 0.04274589, 0.00847094, 0.06671707,
       0.00849216, 0.11749769, 0.00848262, 0.11749769, 0.04274589,
       0.04045122, 0.03984132, 0.11749769, 0.07507226, 0.00848454,
       0.04045122, 0.04274589, 0.06671707, 0.06671707, 0.04045122]), array([0.04045122, 0.00846935, 0.04274589, 0.00847094, 0.06671707,
       0.00849216, 0.11749769, 0.00848262, 0.11749769, 0.04274589,
       0.04045122, 0.03984132, 0.11749769, 0.07507226, 0.00848454,
       0.04045122, 0.04274589, 0.06671707, 0.06671707, 0.04045122]), array([0.0006368 , 0.16529789, 0.00060278, 0.1832589 , 0.00063536,
       0.27461468, 0.00057909, 0.18707385, 0.00057909, 0.00060278,
       0.0006368 , 0.00063832, 0.00057909, 0.00057827, 0.1805392 ,
       0.0006368 , 0.00060278, 0.00063536, 0.00063536, 0.0006368 ]), array([4.49644237e-04, 1.09074081e-01, 4.25566890e-04, 5.30797727e-01,
       4.48636688e-04, 9.10115409e-02, 4.08921049e-04, 1.60294438e-01,
       4.08921049e-04, 4.25566890e-04, 4.49644237e-04, 4.50726739e-04,
       4.08921049e-04, 4.08373447e-04, 1.02315163e-01, 4.49644237e-04,
       4.25566890e-04, 4.48636688e-04, 4.48636688e-04, 4.49644237e-04]), array([0.04513597, 0.0091288 , 0.04206995, 0.00913139, 0.13178138,
       0.00915524, 0.05231551, 0.0091446 , 0.05231551, 0.04206995,
       0.04513597, 0.0425904 , 0.05231551, 0.0526593 , 0.00914587,
       0.04513597, 0.04206995, 0.13178138, 0.13178138, 0.04513597]), array([0.00050858, 0.17245267, 0.00048143, 0.12536968, 0.00050747,
       0.12883462, 0.00046254, 0.12908001, 0.00046254, 0.00048143,
       0.00050858, 0.00050978, 0.00046254, 0.0004618 , 0.43690279,
       0.00050858, 0.00048143, 0.00050747, 0.00050747, 0.00050858]), array([0.12273433, 0.00877187, 0.03758125, 0.00877164, 0.04605729,
       0.00879632, 0.03839765, 0.00878693, 0.03839765, 0.03758125,
       0.12273433, 0.05957136, 0.03839765, 0.0394691 , 0.00878689,
       0.12273433, 0.03758125, 0.04605729, 0.04605729, 0.12273433]), array([0.00057908, 0.48455403, 0.00054809, 0.14073499, 0.00057774,
       0.1055026 , 0.0005267 , 0.12170755, 0.0005267 , 0.00054809,
       0.00057908, 0.0005804 , 0.0005267 , 0.0005259 , 0.13912061,
       0.00057908, 0.00054809, 0.00057774, 0.00057774, 0.00057908]), array([0.04513597, 0.0091288 , 0.04206995, 0.00913139, 0.13178138,
       0.00915524, 0.05231551, 0.0091446 , 0.05231551, 0.04206995,
       0.04513597, 0.0425904 , 0.05231551, 0.0526593 , 0.00914587,
       0.04513597, 0.04206995, 0.13178138, 0.13178138, 0.04513597]), array([0.00052631, 0.1238569 , 0.00049809, 0.20462195, 0.0005251 ,
       0.16248432, 0.00047859, 0.34352995, 0.00047859, 0.00049809,
       0.00052631, 0.00052759, 0.00047859, 0.0004779 , 0.15789084,
       0.00052631, 0.00049809, 0.0005251 , 0.0005251 , 0.00052631]), array([0.12273433, 0.00877187, 0.03758125, 0.00877164, 0.04605729,
       0.00879632, 0.03839765, 0.00878693, 0.03839765, 0.03758125,
       0.12273433, 0.05957136, 0.03839765, 0.0394691 , 0.00878689,
       0.12273433, 0.03758125, 0.04605729, 0.04605729, 0.12273433]), array([0.04536737, 0.00911877, 0.1409674 , 0.00911911, 0.04549194,
       0.00914535, 0.04329475, 0.0091331 , 0.04329475, 0.1409674 ,
       0.04536737, 0.0447529 , 0.04329475, 0.03886218, 0.00913685,
       0.04536737, 0.1409674 , 0.04549194, 0.04549194, 0.04536737]), array([0.12273433, 0.00877187, 0.03758125, 0.00877164, 0.04605729,
       0.00879632, 0.03839765, 0.00878693, 0.03839765, 0.03758125,
       0.12273433, 0.05957136, 0.03839765, 0.0394691 , 0.00878689,
       0.12273433, 0.03758125, 0.04605729, 0.04605729, 0.12273433]), array([0.05879197, 0.00979105, 0.04477403, 0.00979405, 0.06249875,
       0.00981891, 0.06480612, 0.00980859, 0.06480612, 0.04477403,
       0.05879197, 0.0570905 , 0.06480612, 0.14248399, 0.0098083 ,
       0.05879197, 0.04477403, 0.06249875, 0.06249875, 0.05879197]), array([0.12273433, 0.00877187, 0.03758125, 0.00877164, 0.04605729,
       0.00879632, 0.03839765, 0.00878693, 0.03839765, 0.03758125,
       0.12273433, 0.05957136, 0.03839765, 0.0394691 , 0.00878689,
       0.12273433, 0.03758125, 0.04605729, 0.04605729, 0.12273433])][0m
[91mTraining[0m
[91mOriginal Flower Evaluation[0m
[93mRound 14 - Aggregated loss: 0.008355463249608874 - Aggregated metrics: {'accuracy': 0.6426931751167985}[0m
[91mDescriptor extraction - evaluation[0m
[91mClustering using extended Px_label_long descriptors[0m
[91mRound 15 - Shape descriptors (20, 420)[0m
[91mRound 15 - Client distances: [array([0.03238066, 0.06628843, 0.04219563, 0.03574399, 0.03574399,
       0.03238066, 0.03238066, 0.00884666, 0.0088355 , 0.04219563,
       0.00884817, 0.12879484, 0.00882711, 0.04219563, 0.00885203,
       0.12879484, 0.03574399, 0.12879484, 0.04336193, 0.12879484]), array([0.13553384, 0.04249594, 0.05551382, 0.04284286, 0.04284286,
       0.13553384, 0.13553384, 0.00788681, 0.0078775 , 0.05551382,
       0.00788851, 0.03879747, 0.00787069, 0.05551382, 0.00789124,
       0.03879747, 0.04284286, 0.03879747, 0.06122791, 0.03879747]), array([0.03238066, 0.06628843, 0.04219563, 0.03574399, 0.03574399,
       0.03238066, 0.03238066, 0.00884666, 0.0088355 , 0.04219563,
       0.00884817, 0.12879484, 0.00882711, 0.04219563, 0.00885203,
       0.12879484, 0.03574399, 0.12879484, 0.04336193, 0.12879484]), array([0.13553384, 0.04249594, 0.05551382, 0.04284286, 0.04284286,
       0.13553384, 0.13553384, 0.00788681, 0.0078775 , 0.05551382,
       0.00788851, 0.03879747, 0.00787069, 0.05551382, 0.00789124,
       0.03879747, 0.04284286, 0.03879747, 0.06122791, 0.03879747]), array([0.0005665 , 0.00063634, 0.00062078, 0.00059632, 0.00059632,
       0.0005665 , 0.0005665 , 0.32922355, 0.15465895, 0.00062078,
       0.15969548, 0.00063211, 0.12783739, 0.00062078, 0.21947797,
       0.00063211, 0.00059632, 0.00063211, 0.00059104, 0.00063211]), array([0.0004181 , 0.0004695 , 0.00045808, 0.0004401 , 0.0004401 ,
       0.0004181 , 0.0004181 , 0.14689106, 0.12175697, 0.00045808,
       0.41574024, 0.00046647, 0.16173276, 0.00045808, 0.14715858,
       0.00046647, 0.0004401 , 0.00046647, 0.00043614, 0.00046647]), array([0.05410102, 0.05489874, 0.04759374, 0.12502745, 0.12502745,
       0.05410102, 0.05410102, 0.00887503, 0.00886309, 0.04759374,
       0.00887744, 0.04359989, 0.00885617, 0.04759374, 0.00887923,
       0.04359989, 0.12502745, 0.04359989, 0.0461841 , 0.04359989]), array([0.03238066, 0.06628843, 0.04219563, 0.03574399, 0.03574399,
       0.03238066, 0.03238066, 0.00884666, 0.0088355 , 0.04219563,
       0.00884817, 0.12879484, 0.00882711, 0.04219563, 0.00885203,
       0.12879484, 0.03574399, 0.12879484, 0.04336193, 0.12879484]), array([0.03238066, 0.06628843, 0.04219563, 0.03574399, 0.03574399,
       0.03238066, 0.03238066, 0.00884666, 0.0088355 , 0.04219563,
       0.00884817, 0.12879484, 0.00882711, 0.04219563, 0.00885203,
       0.12879484, 0.03574399, 0.12879484, 0.04336193, 0.12879484]), array([0.00049656, 0.0005575 , 0.00054398, 0.0005226 , 0.0005226 ,
       0.00049656, 0.00049656, 0.13093692, 0.13848645, 0.00054398,
       0.15087389, 0.00055396, 0.45450876, 0.00054398, 0.11721323,
       0.00055396, 0.0005226 , 0.00055396, 0.00051796, 0.00055396]), array([0.05192275, 0.05886208, 0.11888874, 0.04239544, 0.04239544,
       0.05192275, 0.05192275, 0.00945171, 0.00944044, 0.11888874,
       0.00945221, 0.04786396, 0.00942938, 0.11888874, 0.00945714,
       0.04786396, 0.04239544, 0.04786396, 0.06283038, 0.04786396]), array([0.04375764, 0.15892021, 0.05438654, 0.05565064, 0.05565064,
       0.04375764, 0.04375764, 0.01206392, 0.01204742, 0.05438654,
       0.01206516, 0.06586309, 0.01203454, 0.05438654, 0.01207118,
       0.06586309, 0.05565064, 0.06586309, 0.05596072, 0.06586309]), array([0.00051206, 0.00057506, 0.00056105, 0.00053891, 0.00053891,
       0.00051206, 0.00051206, 0.18226115, 0.2028314 , 0.00056105,
       0.17735391, 0.00057138, 0.13496022, 0.00056105, 0.29436245,
       0.00057138, 0.00053891, 0.00057138, 0.00053425, 0.00057138]), array([0.05410102, 0.05489874, 0.04759374, 0.12502745, 0.12502745,
       0.05410102, 0.05410102, 0.00887503, 0.00886309, 0.04759374,
       0.00887744, 0.04359989, 0.00885617, 0.04759374, 0.00887923,
       0.04359989, 0.12502745, 0.04359989, 0.0461841 , 0.04359989]), array([3.96475171e-04, 4.45206740e-04, 4.34420371e-04, 4.17238799e-04,
       4.17238799e-04, 3.96475171e-04, 3.96475171e-04, 1.22452957e-01,
       4.86957920e-01, 4.34420371e-04, 1.06807235e-01, 4.42287925e-04,
       1.06096536e-01, 4.34420371e-04, 1.71312956e-01, 4.42287925e-04,
       4.17238799e-04, 4.42287925e-04, 4.13633489e-04, 4.42287925e-04]), array([0.05192275, 0.05886208, 0.11888874, 0.04239544, 0.04239544,
       0.05192275, 0.05192275, 0.00945171, 0.00944044, 0.11888874,
       0.00945221, 0.04786396, 0.00942938, 0.11888874, 0.00945714,
       0.04786396, 0.04239544, 0.04786396, 0.06283038, 0.04786396]), array([0.05410102, 0.05489874, 0.04759374, 0.12502745, 0.12502745,
       0.05410102, 0.05410102, 0.00887503, 0.00886309, 0.04759374,
       0.00887744, 0.04359989, 0.00885617, 0.04759374, 0.00887923,
       0.04359989, 0.12502745, 0.04359989, 0.0461841 , 0.04359989]), array([0.05192275, 0.05886208, 0.11888874, 0.04239544, 0.04239544,
       0.05192275, 0.05192275, 0.00945171, 0.00944044, 0.11888874,
       0.00945221, 0.04786396, 0.00942938, 0.11888874, 0.00945714,
       0.04786396, 0.04239544, 0.04786396, 0.06283038, 0.04786396]), array([0.0785393 , 0.05546902, 0.06184921, 0.0459971 , 0.0459971 ,
       0.0785393 , 0.0785393 , 0.01022134, 0.01021001, 0.06184921,
       0.01022312, 0.05831309, 0.01020096, 0.06184921, 0.01022736,
       0.05831309, 0.0459971 , 0.05831309, 0.10103902, 0.05831309]), array([0.13553384, 0.04249594, 0.05551382, 0.04284286, 0.04284286,
       0.13553384, 0.13553384, 0.00788681, 0.0078775 , 0.05551382,
       0.00788851, 0.03879747, 0.00787069, 0.05551382, 0.00789124,
       0.03879747, 0.04284286, 0.03879747, 0.06122791, 0.03879747])][0m
[91mTraining[0m
[91mOriginal Flower Evaluation[0m
[93mRound 15 - Aggregated loss: 0.008126783440820873 - Aggregated metrics: {'accuracy': 0.6346953269652648}[0m
[91mDescriptor extraction - evaluation[0m
[91mClustering using extended Px_label_long descriptors[0m
[91mRound 16 - Shape descriptors (20, 420)[0m
[91mRound 16 - Client distances: [array([0.0775303 , 0.04825988, 0.0775303 , 0.04825988, 0.01035885,
       0.01034639, 0.05153002, 0.0775303 , 0.0775303 , 0.0103229 ,
       0.05879953, 0.11024738, 0.01035018, 0.05153002, 0.01033804,
       0.05879953, 0.05153002, 0.05879953, 0.05214675, 0.04825988]), array([0.07359535, 0.04677984, 0.07359535, 0.04677984, 0.01153675,
       0.01152026, 0.04899841, 0.07359535, 0.07359535, 0.01149234,
       0.08024623, 0.0736432 , 0.01152349, 0.04899841, 0.01150931,
       0.08024623, 0.04899841, 0.08024623, 0.04631981, 0.04677984]), array([0.09865713, 0.04675072, 0.09865713, 0.04675072, 0.00907621,
       0.00906638, 0.05158425, 0.09865713, 0.09865713, 0.00904551,
       0.05008534, 0.06462062, 0.00906978, 0.05158425, 0.00905808,
       0.05008534, 0.05158425, 0.05008534, 0.05017394, 0.04675072]), array([0.04275679, 0.10444282, 0.04275679, 0.10444282, 0.00838292,
       0.00837432, 0.05502103, 0.04275679, 0.04275679, 0.0083552 ,
       0.0651221 , 0.04095947, 0.00837696, 0.05502103, 0.00836708,
       0.0651221 , 0.05502103, 0.0651221 , 0.07239903, 0.10444282]), array([0.09865713, 0.04675072, 0.09865713, 0.04675072, 0.00907621,
       0.00906638, 0.05158425, 0.09865713, 0.09865713, 0.00904551,
       0.05008534, 0.06462062, 0.00906978, 0.05158425, 0.00905808,
       0.05008534, 0.05158425, 0.05008534, 0.05017394, 0.04675072]), array([0.04275679, 0.10444282, 0.04275679, 0.10444282, 0.00838292,
       0.00837432, 0.05502103, 0.04275679, 0.04275679, 0.0083552 ,
       0.0651221 , 0.04095947, 0.00837696, 0.05502103, 0.00836708,
       0.0651221 , 0.05502103, 0.0651221 , 0.07239903, 0.10444282]), array([0.05253105, 0.07847525, 0.05253105, 0.07847525, 0.01049467,
       0.01048355, 0.05750845, 0.05253105, 0.05253105, 0.01045941,
       0.06767463, 0.04564124, 0.01048728, 0.05750845, 0.01047505,
       0.06767463, 0.05750845, 0.06767463, 0.08085961, 0.07847525]), array([0.00066904, 0.00058888, 0.00066904, 0.00058888, 0.19528256,
       0.17167122, 0.0005965 , 0.00066904, 0.00066904, 0.13974524,
       0.00064779, 0.00067108, 0.25375426, 0.0005965 , 0.23010944,
       0.00064779, 0.0005965 , 0.00064779, 0.00059053, 0.00058888]), array([0.07359535, 0.04677984, 0.07359535, 0.04677984, 0.01153675,
       0.01152026, 0.04899841, 0.07359535, 0.07359535, 0.01149234,
       0.08024623, 0.0736432 , 0.01152349, 0.04899841, 0.01150931,
       0.08024623, 0.04899841, 0.08024623, 0.04631981, 0.04677984]), array([0.00094682, 0.00083376, 0.00094682, 0.00083376, 0.17915239,
       0.18662165, 0.00084456, 0.00094682, 0.00094682, 0.25851562,
       0.00091681, 0.00094966, 0.16424413, 0.00084456, 0.19810793,
       0.00091681, 0.00084456, 0.00091681, 0.00083597, 0.00083376]), array([0.0775303 , 0.04825988, 0.0775303 , 0.04825988, 0.01035885,
       0.01034639, 0.05153002, 0.0775303 , 0.0775303 , 0.0103229 ,
       0.05879953, 0.11024738, 0.01035018, 0.05153002, 0.01033804,
       0.05879953, 0.05153002, 0.05879953, 0.05214675, 0.04825988]), array([0.00094682, 0.00083376, 0.00094682, 0.00083376, 0.17915239,
       0.18662165, 0.00084456, 0.00094682, 0.00094682, 0.25851562,
       0.00091681, 0.00094966, 0.16424413, 0.00084456, 0.19810793,
       0.00091681, 0.00084456, 0.00091681, 0.00083597, 0.00083376]), array([0.0775303 , 0.04825988, 0.0775303 , 0.04825988, 0.01035885,
       0.01034639, 0.05153002, 0.0775303 , 0.0775303 , 0.0103229 ,
       0.05879953, 0.11024738, 0.01035018, 0.05153002, 0.01033804,
       0.05879953, 0.05153002, 0.05879953, 0.05214675, 0.04825988]), array([0.04588761, 0.06118632, 0.04588761, 0.06118632, 0.00935341,
       0.0093423 , 0.04785373, 0.04588761, 0.04588761, 0.00931995,
       0.1151284 , 0.04596058, 0.0093457 , 0.04785373, 0.00933515,
       0.1151284 , 0.04785373, 0.1151284 , 0.05128714, 0.06118632]), array([0.05253105, 0.07847525, 0.05253105, 0.07847525, 0.01049467,
       0.01048355, 0.05750845, 0.05253105, 0.05253105, 0.01045941,
       0.06767463, 0.04564124, 0.01048728, 0.05750845, 0.01047505,
       0.06767463, 0.05750845, 0.06767463, 0.08085961, 0.07847525]), array([0.04275679, 0.10444282, 0.04275679, 0.10444282, 0.00838292,
       0.00837432, 0.05502103, 0.04275679, 0.04275679, 0.0083552 ,
       0.0651221 , 0.04095947, 0.00837696, 0.05502103, 0.00836708,
       0.0651221 , 0.05502103, 0.0651221 , 0.07239903, 0.10444282]), array([0.0775303 , 0.04825988, 0.0775303 , 0.04825988, 0.01035885,
       0.01034639, 0.05153002, 0.0775303 , 0.0775303 , 0.0103229 ,
       0.05879953, 0.11024738, 0.01035018, 0.05153002, 0.01033804,
       0.05879953, 0.05153002, 0.05879953, 0.05214675, 0.04825988]), array([0.00062193, 0.00054752, 0.00062193, 0.00054752, 0.12876694,
       0.21320345, 0.00055466, 0.00062193, 0.00062193, 0.37332853,
       0.00060212, 0.00062376, 0.13930084, 0.00055466, 0.13662686,
       0.00060212, 0.00055466, 0.00060212, 0.000549  , 0.00054752]), array([0.04275679, 0.10444282, 0.04275679, 0.10444282, 0.00838292,
       0.00837432, 0.05502103, 0.04275679, 0.04275679, 0.0083552 ,
       0.0651221 , 0.04095947, 0.00837696, 0.05502103, 0.00836708,
       0.0651221 , 0.05502103, 0.0651221 , 0.07239903, 0.10444282]), array([0.00051846, 0.00045645, 0.00051846, 0.00045645, 0.13506329,
       0.12720038, 0.00046236, 0.00051846, 0.00051846, 0.11304487,
       0.00050211, 0.00052004, 0.17249812, 0.00046236, 0.444879  ,
       0.00050211, 0.00046236, 0.00050211, 0.0004577 , 0.00045645])][0m
[91mTraining[0m
[91mOriginal Flower Evaluation[0m
[93mRound 16 - Aggregated loss: 0.008105426654219627 - Aggregated metrics: {'accuracy': 0.6360380718386074}[0m
[91mDescriptor extraction - evaluation[0m
[91mClustering using extended Px_label_long descriptors[0m
[91mRound 17 - Shape descriptors (20, 420)[0m
[91mRound 17 - Client distances: [array([0.06791783, 0.10090656, 0.06329204, 0.05052505, 0.06329204,
       0.05052505, 0.04451968, 0.01069134, 0.10090656, 0.01065632,
       0.06791783, 0.01065632, 0.06791783, 0.05543738, 0.04451968,
       0.05052505, 0.06791783, 0.01067223, 0.05052505, 0.01067832]), array([0.10249469, 0.05446123, 0.06777451, 0.04576819, 0.06777451,
       0.04576819, 0.03814618, 0.00797815, 0.05446123, 0.00794921,
       0.10249469, 0.00794921, 0.10249469, 0.04637873, 0.03814618,
       0.04576819, 0.10249469, 0.00796155, 0.04576819, 0.00796778]), array([0.06045328, 0.05725922, 0.06926421, 0.06526449, 0.06926421,
       0.06526449, 0.06138328, 0.01196188, 0.05725922, 0.01192531,
       0.06045328, 0.01192531, 0.06045328, 0.06161284, 0.06138328,
       0.06526449, 0.06045328, 0.01194167, 0.06526449, 0.01194851]), array([0.00066543, 0.00072991, 0.00067788, 0.00063988, 0.00067788,
       0.00063988, 0.00064154, 0.15373342, 0.00072991, 0.22327697,
       0.00066543, 0.22327697, 0.00066543, 0.00068225, 0.00064154,
       0.00063988, 0.00066543, 0.23108483, 0.00063988, 0.15862569]), array([0.06045328, 0.05725922, 0.06926421, 0.06526449, 0.06926421,
       0.06526449, 0.06138328, 0.01196188, 0.05725922, 0.01192531,
       0.06045328, 0.01192531, 0.06045328, 0.06161284, 0.06138328,
       0.06526449, 0.06045328, 0.01194167, 0.06526449, 0.01194851]), array([0.04501457, 0.04860536, 0.04860685, 0.08338342, 0.04860685,
       0.08338342, 0.05879276, 0.00858092, 0.04860536, 0.00855135,
       0.04501457, 0.00855135, 0.04501457, 0.13157837, 0.05879276,
       0.08338342, 0.04501457, 0.00856436, 0.08338342, 0.00857173]), array([4.89914950e-04, 5.37433801e-04, 4.99027019e-04, 4.71163958e-04,
       4.99027019e-04, 4.71163958e-04, 4.72402293e-04, 1.69814530e-01,
       5.37433801e-04, 1.09524695e-01, 4.89914950e-04, 1.09524695e-01,
       4.89914950e-04, 5.02469358e-04, 4.72402293e-04, 4.71163958e-04,
       4.89914950e-04, 1.13513781e-01, 4.71163958e-04, 4.90257787e-01]), array([0.00048507, 0.0005321 , 0.00049412, 0.00046648, 0.00049412,
       0.00046648, 0.00046767, 0.11351796, 0.0005321 , 0.15248062,
       0.00048507, 0.15248062, 0.00048507, 0.00049736, 0.00046767,
       0.00046648, 0.00048507, 0.4618379 , 0.00046648, 0.11239155]), array([0.00092522, 0.00101531, 0.00094238, 0.0008896 , 0.00094238,
       0.0008896 , 0.00089199, 0.2428245 , 0.00101531, 0.16499109,
       0.00092522, 0.16499109, 0.00092522, 0.00094877, 0.00089199,
       0.0008896 , 0.00092522, 0.189554  , 0.0008896 , 0.2237319 ]), array([0.05681288, 0.04554793, 0.0568713 , 0.08112142, 0.0568713 ,
       0.08112142, 0.06807344, 0.01000284, 0.04554793, 0.0099697 ,
       0.05681288, 0.0099697 , 0.05681288, 0.057362  , 0.06807344,
       0.08112142, 0.05681288, 0.00998256, 0.08112142, 0.00999063]), array([0.06045328, 0.05725922, 0.06926421, 0.06526449, 0.06926421,
       0.06526449, 0.06138328, 0.01196188, 0.05725922, 0.01192531,
       0.06045328, 0.01192531, 0.06045328, 0.06161284, 0.06138328,
       0.06526449, 0.06045328, 0.01194167, 0.06526449, 0.01194851]), array([0.05681288, 0.04554793, 0.0568713 , 0.08112142, 0.0568713 ,
       0.08112142, 0.06807344, 0.01000284, 0.04554793, 0.0099697 ,
       0.05681288, 0.0099697 , 0.05681288, 0.057362  , 0.06807344,
       0.08112142, 0.05681288, 0.00998256, 0.08112142, 0.00999063]), array([0.07469834, 0.05646354, 0.11142229, 0.04762641, 0.11142229,
       0.04762641, 0.04476678, 0.00847924, 0.05646354, 0.00844975,
       0.07469834, 0.00844975, 0.07469834, 0.04308629, 0.04476678,
       0.04762641, 0.07469834, 0.00846293, 0.04762641, 0.00846781]), array([0.06045328, 0.05725922, 0.06926421, 0.06526449, 0.06926421,
       0.06526449, 0.06138328, 0.01196188, 0.05725922, 0.01192531,
       0.06045328, 0.01192531, 0.06045328, 0.06161284, 0.06138328,
       0.06526449, 0.06045328, 0.01194167, 0.06526449, 0.01194851]), array([0.04501457, 0.04860536, 0.04860685, 0.08338342, 0.04860685,
       0.08338342, 0.05879276, 0.00858092, 0.04860536, 0.00855135,
       0.04501457, 0.00855135, 0.04501457, 0.13157837, 0.05879276,
       0.08338342, 0.04501457, 0.00856436, 0.08338342, 0.00857173]), array([0.03596648, 0.03554176, 0.04037507, 0.12383046, 0.04037507,
       0.12383046, 0.05691826, 0.00673247, 0.03554176, 0.00671049,
       0.03596648, 0.00671049, 0.03596648, 0.06154373, 0.05691826,
       0.12383046, 0.03596648, 0.00672002, 0.12383046, 0.00672486]), array([4.89914950e-04, 5.37433801e-04, 4.99027019e-04, 4.71163958e-04,
       4.99027019e-04, 4.71163958e-04, 4.72402293e-04, 1.69814530e-01,
       5.37433801e-04, 1.09524695e-01, 4.89914950e-04, 1.09524695e-01,
       4.89914950e-04, 5.02469358e-04, 4.72402293e-04, 4.71163958e-04,
       4.89914950e-04, 1.13513781e-01, 4.71163958e-04, 4.90257787e-01]), array([0.10249469, 0.05446123, 0.06777451, 0.04576819, 0.06777451,
       0.04576819, 0.03814618, 0.00797815, 0.05446123, 0.00794921,
       0.10249469, 0.00794921, 0.10249469, 0.04637873, 0.03814618,
       0.04576819, 0.10249469, 0.00796155, 0.04576819, 0.00796778]), array([0.06045328, 0.05725922, 0.06926421, 0.06526449, 0.06926421,
       0.06526449, 0.06138328, 0.01196188, 0.05725922, 0.01192531,
       0.06045328, 0.01192531, 0.06045328, 0.06161284, 0.06138328,
       0.06526449, 0.06045328, 0.01194167, 0.06526449, 0.01194851]), array([0.03596648, 0.03554176, 0.04037507, 0.12383046, 0.04037507,
       0.12383046, 0.05691826, 0.00673247, 0.03554176, 0.00671049,
       0.03596648, 0.00671049, 0.03596648, 0.06154373, 0.05691826,
       0.12383046, 0.03596648, 0.00672002, 0.12383046, 0.00672486])][0m
[91mTraining[0m
[91mOriginal Flower Evaluation[0m
[93mRound 17 - Aggregated loss: 0.008124902402050794 - Aggregated metrics: {'accuracy': 0.6437990401103235}[0m
[91mDescriptor extraction - evaluation[0m
[91mClustering using extended Px_label_long descriptors[0m
[91mRound 18 - Shape descriptors (20, 420)[0m
[91mRound 18 - Client distances: [array([0.04059391, 0.04742364, 0.04097437, 0.00889817, 0.04097437,
       0.06184277, 0.00890462, 0.00889489, 0.00892309, 0.13465972,
       0.04097437, 0.13465972, 0.05085506, 0.04097437, 0.06184277,
       0.08565078, 0.00890462, 0.04742364, 0.04097437, 0.08565078]), array([0.05058453, 0.13183133, 0.05363485, 0.00951343, 0.05363485,
       0.04814924, 0.00951888, 0.00950871, 0.00954223, 0.04949227,
       0.05363485, 0.04949227, 0.07306473, 0.05363485, 0.04814924,
       0.05081434, 0.00951888, 0.13183133, 0.05363485, 0.05081434]), array([0.0409891 , 0.04508993, 0.10743168, 0.00876248, 0.10743168,
       0.04179049, 0.00876592, 0.00875754, 0.00878863, 0.03493664,
       0.10743168, 0.03493664, 0.04414711, 0.10743168, 0.04179049,
       0.04511539, 0.00876592, 0.04508993, 0.10743168, 0.04511539]), array([0.11212234, 0.08015283, 0.05059769, 0.01290937, 0.05059769,
       0.05781607, 0.01291567, 0.01290454, 0.01295046, 0.04827742,
       0.05059769, 0.04827742, 0.09183332, 0.05059769, 0.05781607,
       0.05298377, 0.01291567, 0.08015283, 0.05059769, 0.05298377]), array([0.00042474, 0.00042906, 0.00039302, 0.10033799, 0.00039302,
       0.00040771, 0.35458565, 0.09420376, 0.09023329, 0.0003891 ,
       0.00039302, 0.0003891 , 0.00042349, 0.00039302, 0.00040771,
       0.0003943 , 0.35458565, 0.00042906, 0.00039302, 0.0003943 ]), array([4.81628873e-04, 4.86422936e-04, 4.45710668e-04, 1.95606720e-01,
       4.45710668e-04, 4.62208122e-04, 1.17458018e-01, 4.65003414e-01,
       9.76096601e-02, 4.41153485e-04, 4.45710668e-04, 4.41153485e-04,
       4.80222563e-04, 4.45710668e-04, 4.62208122e-04, 4.47097603e-04,
       1.17458018e-01, 4.86422936e-04, 4.45710668e-04, 4.47097603e-04]), array([0.0409891 , 0.04508993, 0.10743168, 0.00876248, 0.10743168,
       0.04179049, 0.00876592, 0.00875754, 0.00878863, 0.03493664,
       0.10743168, 0.03493664, 0.04414711, 0.10743168, 0.04179049,
       0.04511539, 0.00876592, 0.04508993, 0.10743168, 0.04511539]), array([0.00042474, 0.00042906, 0.00039302, 0.10033799, 0.00039302,
       0.00040771, 0.35458565, 0.09420376, 0.09023329, 0.0003891 ,
       0.00039302, 0.0003891 , 0.00042349, 0.00039302, 0.00040771,
       0.0003943 , 0.35458565, 0.00042906, 0.00039302, 0.0003943 ]), array([4.99774267e-04, 5.04753821e-04, 4.62422634e-04, 1.04878725e-01,
       4.62422634e-04, 4.79524986e-04, 1.12116922e-01, 1.08096430e-01,
       5.55669523e-01, 4.57606712e-04, 4.62422634e-04, 4.57606712e-04,
       4.98240668e-04, 4.62422634e-04, 4.79524986e-04, 4.63790152e-04,
       1.12116922e-01, 5.04753821e-04, 4.62422634e-04, 4.63790152e-04]), array([0.04258412, 0.05341832, 0.04550294, 0.00880538, 0.04550294,
       0.07727444, 0.00881083, 0.00880197, 0.00882998, 0.06296606,
       0.04550294, 0.06296606, 0.04743156, 0.04550294, 0.07727444,
       0.12554648, 0.00881083, 0.05341832, 0.04550294, 0.12554648]), array([0.05058453, 0.13183133, 0.05363485, 0.00951343, 0.05363485,
       0.04814924, 0.00951888, 0.00950871, 0.00954223, 0.04949227,
       0.05363485, 0.04949227, 0.07306473, 0.05363485, 0.04814924,
       0.05081434, 0.00951888, 0.13183133, 0.05363485, 0.05081434]), array([0.08669335, 0.09684699, 0.04836859, 0.01147343, 0.04836859,
       0.05276355, 0.01147845, 0.01146814, 0.01150883, 0.04555258,
       0.04836859, 0.04555258, 0.12521545, 0.04836859, 0.05276355,
       0.04925735, 0.01147845, 0.09684699, 0.04836859, 0.04925735]), array([0.0409891 , 0.04508993, 0.10743168, 0.00876248, 0.10743168,
       0.04179049, 0.00876592, 0.00875754, 0.00878863, 0.03493664,
       0.10743168, 0.03493664, 0.04414711, 0.10743168, 0.04179049,
       0.04511539, 0.00876592, 0.04508993, 0.10743168, 0.04511539]), array([0.04427417, 0.05209871, 0.03978624, 0.00852103, 0.03978624,
       0.14993298, 0.00852812, 0.00851777, 0.00854699, 0.04717409,
       0.03978624, 0.04717409, 0.04344564, 0.03978624, 0.14993298,
       0.08614768, 0.00852812, 0.05209871, 0.03978624, 0.08614768]), array([0.00053524, 0.00054055, 0.00049534, 0.44958128, 0.00049534,
       0.00051362, 0.12709994, 0.17426852, 0.11432245, 0.00049017,
       0.00049534, 0.00049017, 0.00053366, 0.00049534, 0.00051362,
       0.0004968 , 0.12709994, 0.00054055, 0.00049534, 0.0004968 ]), array([0.04059391, 0.04742364, 0.04097437, 0.00889817, 0.04097437,
       0.06184277, 0.00890462, 0.00889489, 0.00892309, 0.13465972,
       0.04097437, 0.13465972, 0.05085506, 0.04097437, 0.06184277,
       0.08565078, 0.00890462, 0.04742364, 0.04097437, 0.08565078]), array([0.04427417, 0.05209871, 0.03978624, 0.00852103, 0.03978624,
       0.14993298, 0.00852812, 0.00851777, 0.00854699, 0.04717409,
       0.03978624, 0.04717409, 0.04344564, 0.03978624, 0.14993298,
       0.08614768, 0.00852812, 0.05209871, 0.03978624, 0.08614768]), array([0.0409891 , 0.04508993, 0.10743168, 0.00876248, 0.10743168,
       0.04179049, 0.00876592, 0.00875754, 0.00878863, 0.03493664,
       0.10743168, 0.03493664, 0.04414711, 0.10743168, 0.04179049,
       0.04511539, 0.00876592, 0.04508993, 0.10743168, 0.04511539]), array([0.0409891 , 0.04508993, 0.10743168, 0.00876248, 0.10743168,
       0.04179049, 0.00876592, 0.00875754, 0.00878863, 0.03493664,
       0.10743168, 0.03493664, 0.04414711, 0.10743168, 0.04179049,
       0.04511539, 0.00876592, 0.04508993, 0.10743168, 0.04511539]), array([0.04258412, 0.05341832, 0.04550294, 0.00880538, 0.04550294,
       0.07727444, 0.00881083, 0.00880197, 0.00882998, 0.06296606,
       0.04550294, 0.06296606, 0.04743156, 0.04550294, 0.07727444,
       0.12554648, 0.00881083, 0.05341832, 0.04550294, 0.12554648])][0m
[91mTraining[0m
[91mOriginal Flower Evaluation[0m
[93mRound 18 - Aggregated loss: 0.008433929271996021 - Aggregated metrics: {'accuracy': 0.6393033892902527}[0m
[91mDescriptor extraction - evaluation[0m
[91mClustering using extended Px_label_long descriptors[0m
[91mRound 19 - Shape descriptors (20, 420)[0m
[91mRound 19 - Client distances: [array([0.04760308, 0.07074917, 0.05577869, 0.0936648 , 0.0124632 ,
       0.01245241, 0.05577869, 0.0124632 , 0.01249009, 0.05239321,
       0.07074917, 0.10640161, 0.05577869, 0.05861003, 0.01246028,
       0.04760308, 0.05861003, 0.05577869, 0.05577869, 0.05239321]), array([0.07891271, 0.05273338, 0.04382234, 0.03804735, 0.00856889,
       0.00856162, 0.04382234, 0.00856889, 0.00858203, 0.1289628 ,
       0.05273338, 0.04216281, 0.04382234, 0.06830644, 0.00856605,
       0.07891271, 0.06830644, 0.04382234, 0.04382234, 0.1289628 ]), array([0.00038103, 0.00041933, 0.00041035, 0.00043002, 0.35180686,
       0.09540864, 0.00041035, 0.35180686, 0.0982031 , 0.00039741,
       0.00041933, 0.00043849, 0.00041035, 0.00041807, 0.0966226 ,
       0.00038103, 0.00041807, 0.00041035, 0.00041035, 0.00039741]), array([0.03499249, 0.05222116, 0.11017245, 0.0352133 , 0.00788166,
       0.00787478, 0.11017245, 0.00788166, 0.00789662, 0.04009627,
       0.05222116, 0.03972673, 0.11017245, 0.04008103, 0.00788107,
       0.03499249, 0.04008103, 0.11017245, 0.11017245, 0.04009627]), array([0.00038103, 0.00041933, 0.00041035, 0.00043002, 0.35180686,
       0.09540864, 0.00041035, 0.35180686, 0.0982031 , 0.00039741,
       0.00041933, 0.00043849, 0.00041035, 0.00041807, 0.0966226 ,
       0.00038103, 0.00041807, 0.00041035, 0.00041035, 0.00039741]), array([0.04575997, 0.13263025, 0.0482406 , 0.06320772, 0.0100558 ,
       0.01004521, 0.0482406 , 0.0100558 , 0.01007302, 0.05136744,
       0.13263025, 0.08261279, 0.0482406 , 0.05158967, 0.01005204,
       0.04575997, 0.05158967, 0.0482406 , 0.0482406 , 0.05136744]), array([0.03499249, 0.05222116, 0.11017245, 0.0352133 , 0.00788166,
       0.00787478, 0.11017245, 0.00788166, 0.00789662, 0.04009627,
       0.05222116, 0.03972673, 0.11017245, 0.04008103, 0.00788107,
       0.03499249, 0.04008103, 0.11017245, 0.11017245, 0.04009627]), array([0.03499249, 0.05222116, 0.11017245, 0.0352133 , 0.00788166,
       0.00787478, 0.11017245, 0.00788166, 0.00789662, 0.04009627,
       0.05222116, 0.03972673, 0.11017245, 0.04008103, 0.00788107,
       0.03499249, 0.04008103, 0.11017245, 0.11017245, 0.04009627]), array([4.45370961e-04, 4.90259446e-04, 4.79868947e-04, 5.02890978e-04,
       1.20420008e-01, 1.23769163e-01, 4.79868947e-04, 1.20420008e-01,
       4.96449644e-01, 4.64573865e-04, 4.90259446e-04, 5.12746850e-04,
       4.79868947e-04, 4.88729641e-04, 1.31748327e-01, 4.45370961e-04,
       4.88729641e-04, 4.79868947e-04, 4.79868947e-04, 4.64573865e-04]), array([0.00052341, 0.00057603, 0.00056381, 0.0005908 , 0.14603843,
       0.22837661, 0.00056381, 0.14603843, 0.11739311, 0.00054597,
       0.00057603, 0.00060246, 0.00056381, 0.00057425, 0.3537018 ,
       0.00052341, 0.00057425, 0.00056381, 0.00056381, 0.00054597]), array([0.05268131, 0.04629183, 0.04876509, 0.04182366, 0.00937126,
       0.00936119, 0.04876509, 0.00937126, 0.00938686, 0.07161133,
       0.04629183, 0.04464325, 0.04876509, 0.14084058, 0.00936699,
       0.05268131, 0.14084058, 0.04876509, 0.04876509, 0.07161133]), array([0.16389553, 0.04676407, 0.03912325, 0.04215944, 0.01029088,
       0.01028078, 0.03912325, 0.01029088, 0.01030466, 0.06531986,
       0.04676407, 0.04266268, 0.03912325, 0.05807499, 0.01028551,
       0.16389553, 0.05807499, 0.03912325, 0.03912325, 0.06531986]), array([0.03499249, 0.05222116, 0.11017245, 0.0352133 , 0.00788166,
       0.00787478, 0.11017245, 0.00788166, 0.00789662, 0.04009627,
       0.05222116, 0.03972673, 0.11017245, 0.04008103, 0.00788107,
       0.03499249, 0.04008103, 0.11017245, 0.11017245, 0.04009627]), array([0.03499249, 0.05222116, 0.11017245, 0.0352133 , 0.00788166,
       0.00787478, 0.11017245, 0.00788166, 0.00789662, 0.04009627,
       0.05222116, 0.03972673, 0.11017245, 0.04008103, 0.00788107,
       0.03499249, 0.04008103, 0.11017245, 0.11017245, 0.04009627]), array([0.05268131, 0.04629183, 0.04876509, 0.04182366, 0.00937126,
       0.00936119, 0.04876509, 0.00937126, 0.00938686, 0.07161133,
       0.04629183, 0.04464325, 0.04876509, 0.14084058, 0.00936699,
       0.05268131, 0.14084058, 0.04876509, 0.04876509, 0.07161133]), array([0.04575997, 0.13263025, 0.0482406 , 0.06320772, 0.0100558 ,
       0.01004521, 0.0482406 , 0.0100558 , 0.01007302, 0.05136744,
       0.13263025, 0.08261279, 0.0482406 , 0.05158967, 0.01005204,
       0.04575997, 0.05158967, 0.0482406 , 0.0482406 , 0.05136744]), array([0.07891271, 0.05273338, 0.04382234, 0.03804735, 0.00856889,
       0.00856162, 0.04382234, 0.00856889, 0.00858203, 0.1289628 ,
       0.05273338, 0.04216281, 0.04382234, 0.06830644, 0.00856605,
       0.07891271, 0.06830644, 0.04382234, 0.04382234, 0.1289628 ]), array([0.05193027, 0.09689221, 0.05160982, 0.06311599, 0.01004054,
       0.01003159, 0.05160982, 0.01004054, 0.01005784, 0.05840782,
       0.09689221, 0.1075371 , 0.05160982, 0.05331415, 0.01003841,
       0.05193027, 0.05331415, 0.05160982, 0.05160982, 0.05840782]), array([0.0005227 , 0.0005752 , 0.00056297, 0.00059007, 0.1345155 ,
       0.41156734, 0.00056297, 0.1345155 , 0.12668732, 0.00054522,
       0.0005752 , 0.00060164, 0.00056297, 0.00057349, 0.18427456,
       0.0005227 , 0.00057349, 0.00056297, 0.00056297, 0.00054522]), array([0.16389553, 0.04676407, 0.03912325, 0.04215944, 0.01029088,
       0.01028078, 0.03912325, 0.01029088, 0.01030466, 0.06531986,
       0.04676407, 0.04266268, 0.03912325, 0.05807499, 0.01028551,
       0.16389553, 0.05807499, 0.03912325, 0.03912325, 0.06531986])][0mUsing device: cuda:2
Client 6 - Round 1 - Loss: 0.0092, Accuracy: nan
Client 6 - Round 2 - Loss: 0.0088, Accuracy: 0.5192
Client 6 - Round 3 - Loss: 0.0085, Accuracy: 0.5292
Client 6 - Round 4 - Loss: 0.0090, Accuracy: 0.5650
Client 6 - Round 5 - Loss: 0.0095, Accuracy: 0.6474
Client 6 - Round 6 - Loss: 0.0081, Accuracy: 0.5974
Client 6 - Round 7 - Loss: 0.0085, Accuracy: 0.6058
Client 6 - Round 8 - Loss: 0.0078, Accuracy: nan
Client 6 - Round 9 - Loss: 0.0095, Accuracy: nan
Client 6 - Round 10 - Loss: 0.0097, Accuracy: 0.6691
Client 6 - Round 11 - Loss: 0.0077, Accuracy: 0.6523
Client 6 - Round 12 - Loss: 0.0074, Accuracy: nan
Client 6 - Round 13 - Loss: 0.0083, Accuracy: 0.6189
Client 6 - Round 14 - Loss: 0.0078, Accuracy: 0.6310
Client 6 - Round 15 - Loss: 0.0083, Accuracy: 0.6243
Client 6 - Round 16 - Loss: 0.0072, Accuracy: 0.6335
Client 6 - Round 17 - Loss: 0.0081, Accuracy: nan
Client 6 - Round 18 - Loss: 0.0068, Accuracy: nan
Client 6 - Round 19 - Loss: 0.0076, Accuracy: nan
Client 6 - Round 20 - Loss: 0.0082, Accuracy: nan
Using device: cuda:1
Client 16 - Round 1 - Loss: 0.0097, Accuracy: 0.5415
Client 16 - Round 2 - Loss: 0.0088, Accuracy: 0.5658
Client 16 - Round 3 - Loss: 0.0085, Accuracy: 0.5592
Client 16 - Round 4 - Loss: 0.0082, Accuracy: nan
Client 16 - Round 5 - Loss: 0.0074, Accuracy: nan
Client 16 - Round 6 - Loss: 0.0092, Accuracy: 0.5729
Client 16 - Round 7 - Loss: 0.0082, Accuracy: 0.6286
Client 16 - Round 8 - Loss: 0.0072, Accuracy: nan
Client 16 - Round 9 - Loss: 0.0074, Accuracy: nan
Client 16 - Round 10 - Loss: 0.0077, Accuracy: 0.6090
Client 16 - Round 11 - Loss: 0.0096, Accuracy: 0.6270
Client 16 - Round 12 - Loss: 0.0080, Accuracy: nan
Client 16 - Round 13 - Loss: 0.0092, Accuracy: nan
Client 16 - Round 14 - Loss: 0.0086, Accuracy: nan
Client 16 - Round 15 - Loss: 0.0079, Accuracy: nan
Client 16 - Round 16 - Loss: 0.0081, Accuracy: 0.6211
Client 16 - Round 17 - Loss: 0.0075, Accuracy: nan
Client 16 - Round 18 - Loss: 0.0100, Accuracy: nan
Client 16 - Round 19 - Loss: 0.0077, Accuracy: nan
Client 16 - Round 20 - Loss: 0.0080, Accuracy: nan
Using device: cuda:2
Client 0 - Round 1 - Loss: 0.0097, Accuracy: 0.5415
Client 0 - Round 2 - Loss: 0.0089, Accuracy: 0.5108
Client 0 - Round 3 - Loss: 0.0088, Accuracy: 0.5431
Client 0 - Round 4 - Loss: 0.0082, Accuracy: 0.5545
Client 0 - Round 5 - Loss: 0.0078, Accuracy: 0.5642
Client 0 - Round 6 - Loss: 0.0079, Accuracy: 0.6260
Client 0 - Round 7 - Loss: 0.0075, Accuracy: 0.6327
Client 0 - Round 8 - Loss: 0.0100, Accuracy: 0.6219
Client 0 - Round 9 - Loss: 0.0093, Accuracy: 0.6207
Client 0 - Round 10 - Loss: 0.0078, Accuracy: nan
Client 0 - Round 11 - Loss: 0.0078, Accuracy: nan
Client 0 - Round 12 - Loss: 0.0073, Accuracy: 0.6129
Client 0 - Round 13 - Loss: 0.0069, Accuracy: nan
Client 0 - Round 14 - Loss: 0.0093, Accuracy: nan
Client 0 - Round 15 - Loss: 0.0080, Accuracy: nan
Client 0 - Round 16 - Loss: 0.0066, Accuracy: nan
Client 0 - Round 17 - Loss: 0.0085, Accuracy: 0.6352
Client 0 - Round 18 - Loss: 0.0081, Accuracy: 0.6326
Client 0 - Round 19 - Loss: 0.0084, Accuracy: 0.6275
Client 0 - Round 20 - Loss: 0.0073, Accuracy: 0.6341
Using device: cuda:2
Client 10 - Round 1 - Loss: 0.0092, Accuracy: 0.5350
Client 10 - Round 2 - Loss: 0.0085, Accuracy: nan
Client 10 - Round 3 - Loss: 0.0078, Accuracy: nan
Client 10 - Round 4 - Loss: 0.0082, Accuracy: 0.5545
Client 10 - Round 5 - Loss: 0.0078, Accuracy: 0.5642
Client 10 - Round 6 - Loss: 0.0070, Accuracy: nan
Client 10 - Round 7 - Loss: 0.0071, Accuracy: nan
Client 10 - Round 8 - Loss: 0.0077, Accuracy: nan
Client 10 - Round 9 - Loss: 0.0081, Accuracy: nan
Client 10 - Round 10 - Loss: 0.0074, Accuracy: 0.6019
Client 10 - Round 11 - Loss: 0.0089, Accuracy: 0.6148
Client 10 - Round 12 - Loss: 0.0086, Accuracy: 0.6041
Client 10 - Round 13 - Loss: 0.0083, Accuracy: 0.6189
Client 10 - Round 14 - Loss: 0.0078, Accuracy: 0.6310
Client 10 - Round 15 - Loss: 0.0083, Accuracy: 0.6243
Client 10 - Round 16 - Loss: 0.0090, Accuracy: 0.6698
Client 10 - Round 17 - Loss: 0.0081, Accuracy: nan
Client 10 - Round 18 - Loss: 0.0068, Accuracy: nan
Client 10 - Round 19 - Loss: 0.0076, Accuracy: nan
Client 10 - Round 20 - Loss: 0.0082, Accuracy: nan
Using device: cuda:2
Client 7 - Round 1 - Loss: 0.0092, Accuracy: nan
Client 7 - Round 2 - Loss: 0.0089, Accuracy: 0.5423
Client 7 - Round 3 - Loss: 0.0082, Accuracy: 0.5828
Client 7 - Round 4 - Loss: 0.0081, Accuracy: nan
Client 7 - Round 5 - Loss: 0.0076, Accuracy: nan
Client 7 - Round 6 - Loss: 0.0081, Accuracy: nan
Client 7 - Round 7 - Loss: 0.0069, Accuracy: nan
Client 7 - Round 8 - Loss: 0.0076, Accuracy: 0.6416
Client 7 - Round 9 - Loss: 0.0072, Accuracy: 0.6197
Client 7 - Round 10 - Loss: 0.0074, Accuracy: 0.6019
Client 7 - Round 11 - Loss: 0.0089, Accuracy: 0.6148
Client 7 - Round 12 - Loss: 0.0082, Accuracy: 0.6429
Client 7 - Round 13 - Loss: 0.0095, Accuracy: nan
Client 7 - Round 14 - Loss: 0.0085, Accuracy: nan
Client 7 - Round 15 - Loss: 0.0082, Accuracy: nan
Client 7 - Round 16 - Loss: 0.0088, Accuracy: 0.5971
Client 7 - Round 17 - Loss: 0.0082, Accuracy: 0.6385
Client 7 - Round 18 - Loss: 0.0088, Accuracy: 0.6421
Client 7 - Round 19 - Loss: 0.0076, Accuracy: 0.6518
Client 7 - Round 20 - Loss: 0.0068, Accuracy: 0.6550
Using device: cuda:1
Client 15 - Round 1 - Loss: 0.0092, Accuracy: nan
Client 15 - Round 2 - Loss: 0.0081, Accuracy: nan
Client 15 - Round 3 - Loss: 0.0090, Accuracy: nan
Client 15 - Round 4 - Loss: 0.0074, Accuracy: 0.5522
Client 15 - Round 5 - Loss: 0.0076, Accuracy: 0.5998
Client 15 - Round 6 - Loss: 0.0081, Accuracy: 0.5974
Client 15 - Round 7 - Loss: 0.0085, Accuracy: 0.6024
Client 15 - Round 8 - Loss: 0.0071, Accuracy: 0.6353
Client 15 - Round 9 - Loss: 0.0072, Accuracy: 0.6296
Client 15 - Round 10 - Loss: 0.0098, Accuracy: 0.6683
Client 15 - Round 11 - Loss: 0.0076, Accuracy: 0.6509
Client 15 - Round 12 - Loss: 0.0083, Accuracy: 0.6449
Client 15 - Round 13 - Loss: 0.0097, Accuracy: 0.6643
Client 15 - Round 14 - Loss: 0.0082, Accuracy: 0.6528
Client 15 - Round 15 - Loss: 0.0072, Accuracy: 0.6502
Client 15 - Round 16 - Loss: 0.0073, Accuracy: 0.6360
Client 15 - Round 17 - Loss: 0.0081, Accuracy: 0.6393
Client 15 - Round 18 - Loss: 0.0092, Accuracy: 0.6416
Client 15 - Round 19 - Loss: 0.0077, Accuracy: 0.6501
Client 15 - Round 20 - Loss: 0.0073, Accuracy: 0.6557
Using device: cuda:2
Client 12 - Round 1 - Loss: 0.0092, Accuracy: 0.5628
Client 12 - Round 2 - Loss: 0.0081, Accuracy: nan
Client 12 - Round 3 - Loss: 0.0090, Accuracy: nan
Client 12 - Round 4 - Loss: 0.0082, Accuracy: nan
Client 12 - Round 5 - Loss: 0.0074, Accuracy: nan
Client 12 - Round 6 - Loss: 0.0074, Accuracy: 0.6048
Client 12 - Round 7 - Loss: 0.0074, Accuracy: 0.5969
Client 12 - Round 8 - Loss: 0.0078, Accuracy: nan
Client 12 - Round 9 - Loss: 0.0095, Accuracy: nan
Client 12 - Round 10 - Loss: 0.0067, Accuracy: nan
Client 12 - Round 11 - Loss: 0.0061, Accuracy: nan
Client 12 - Round 12 - Loss: 0.0083, Accuracy: 0.5941
Client 12 - Round 13 - Loss: 0.0089, Accuracy: nan
Client 12 - Round 14 - Loss: 0.0079, Accuracy: nan
Client 12 - Round 15 - Loss: 0.0082, Accuracy: nan
Client 12 - Round 16 - Loss: 0.0090, Accuracy: 0.6698
Client 12 - Round 17 - Loss: 0.0087, Accuracy: 0.6785
Client 12 - Round 18 - Loss: 0.0076, Accuracy: 0.6639
Client 12 - Round 19 - Loss: 0.0084, Accuracy: 0.6676
Client 12 - Round 20 - Loss: 0.0098, Accuracy: 0.6767
Using device: cuda:2
Client 11 - Round 1 - Loss: 0.0091, Accuracy: 0.5678
Client 11 - Round 2 - Loss: 0.0081, Accuracy: nan
Client 11 - Round 3 - Loss: 0.0090, Accuracy: nan
Client 11 - Round 4 - Loss: 0.0081, Accuracy: nan
Client 11 - Round 5 - Loss: 0.0076, Accuracy: nan
Client 11 - Round 6 - Loss: 0.0081, Accuracy: nan
Client 11 - Round 7 - Loss: 0.0069, Accuracy: nan
Client 11 - Round 8 - Loss: 0.0084, Accuracy: 0.6383
Client 11 - Round 9 - Loss: 0.0090, Accuracy: 0.6399
Client 11 - Round 10 - Loss: 0.0083, Accuracy: 0.6145
Client 11 - Round 11 - Loss: 0.0079, Accuracy: 0.6145
Client 11 - Round 12 - Loss: 0.0073, Accuracy: 0.6129
Client 11 - Round 13 - Loss: 0.0089, Accuracy: nan
Client 11 - Round 14 - Loss: 0.0079, Accuracy: nan
Client 11 - Round 15 - Loss: 0.0082, Accuracy: nan
Client 11 - Round 16 - Loss: 0.0077, Accuracy: nan
Client 11 - Round 17 - Loss: 0.0081, Accuracy: nan
Client 11 - Round 18 - Loss: 0.0068, Accuracy: nan
Client 11 - Round 19 - Loss: 0.0076, Accuracy: nan
Client 11 - Round 20 - Loss: 0.0082, Accuracy: nan
Using device: cuda:2
Client 1 - Round 1 - Loss: 0.0092, Accuracy: 0.5628
Client 1 - Round 2 - Loss: 0.0085, Accuracy: nan
Client 1 - Round 3 - Loss: 0.0078, Accuracy: nan
Client 1 - Round 4 - Loss: 0.0081, Accuracy: nan
Client 1 - Round 5 - Loss: 0.0076, Accuracy: nan
Client 1 - Round 6 - Loss: 0.0070, Accuracy: nan
Client 1 - Round 7 - Loss: 0.0071, Accuracy: nan
Client 1 - Round 8 - Loss: 0.0078, Accuracy: nan
Client 1 - Round 9 - Loss: 0.0095, Accuracy: nan
Client 1 - Round 10 - Loss: 0.0112, Accuracy: 0.6177
Client 1 - Round 11 - Loss: 0.0082, Accuracy: 0.6184
Client 1 - Round 12 - Loss: 0.0082, Accuracy: 0.6429
Client 1 - Round 13 - Loss: 0.0083, Accuracy: 0.6189
Client 1 - Round 14 - Loss: 0.0078, Accuracy: 0.6310
Client 1 - Round 15 - Loss: 0.0083, Accuracy: 0.6243
Client 1 - Round 16 - Loss: 0.0079, Accuracy: 0.6135
Client 1 - Round 17 - Loss: 0.0082, Accuracy: 0.6385
Client 1 - Round 18 - Loss: 0.0088, Accuracy: 0.6421
Client 1 - Round 19 - Loss: 0.0076, Accuracy: 0.6518
Client 1 - Round 20 - Loss: 0.0068, Accuracy: 0.6550
Using device: cuda:2
Client 13 - Round 1 - Loss: 0.0088, Accuracy: nan
Client 13 - Round 2 - Loss: 0.0088, Accuracy: 0.5658
Client 13 - Round 3 - Loss: 0.0085, Accuracy: 0.5592
Client 13 - Round 4 - Loss: 0.0074, Accuracy: 0.5522
Client 13 - Round 5 - Loss: 0.0076, Accuracy: 0.5998
Client 13 - Round 6 - Loss: 0.0079, Accuracy: 0.6512
Client 13 - Round 7 - Loss: 0.0097, Accuracy: 0.6271
Client 13 - Round 8 - Loss: 0.0084, Accuracy: 0.6383
Client 13 - Round 9 - Loss: 0.0090, Accuracy: 0.6399
Client 13 - Round 10 - Loss: 0.0072, Accuracy: 0.6430
Client 13 - Round 11 - Loss: 0.0083, Accuracy: 0.6329
Client 13 - Round 12 - Loss: 0.0073, Accuracy: 0.6129
Client 13 - Round 13 - Loss: 0.0089, Accuracy: nan
Client 13 - Round 14 - Loss: 0.0079, Accuracy: nan
Client 13 - Round 15 - Loss: 0.0082, Accuracy: nan
Client 13 - Round 16 - Loss: 0.0077, Accuracy: nan
Client 13 - Round 17 - Loss: 0.0081, Accuracy: nan
Client 13 - Round 18 - Loss: 0.0068, Accuracy: nan
Client 13 - Round 19 - Loss: 0.0076, Accuracy: nan
Client 13 - Round 20 - Loss: 0.0082, Accuracy: nan
Using device: cuda:2
Client 3 - Round 1 - Loss: 0.0088, Accuracy: nan
Client 3 - Round 2 - Loss: 0.0088, Accuracy: 0.5658
Client 3 - Round 3 - Loss: 0.0085, Accuracy: 0.5592
Client 3 - Round 4 - Loss: 0.0074, Accuracy: 0.5522
Client 3 - Round 5 - Loss: 0.0076, Accuracy: 0.5998
Client 3 - Round 6 - Loss: 0.0079, Accuracy: 0.6512
Client 3 - Round 7 - Loss: 0.0097, Accuracy: 0.6271
Client 3 - Round 8 - Loss: 0.0078, Accuracy: nan
Client 3 - Round 9 - Loss: 0.0095, Accuracy: nan
Client 3 - Round 10 - Loss: 0.0078, Accuracy: nan
Client 3 - Round 11 - Loss: 0.0078, Accuracy: nan
Client 3 - Round 12 - Loss: 0.0083, Accuracy: 0.5941
Client 3 - Round 13 - Loss: 0.0089, Accuracy: nan
Client 3 - Round 14 - Loss: 0.0079, Accuracy: nan
Client 3 - Round 15 - Loss: 0.0082, Accuracy: nan
Client 3 - Round 16 - Loss: 0.0090, Accuracy: 0.6698
Client 3 - Round 17 - Loss: 0.0080, Accuracy: nan
Client 3 - Round 18 - Loss: 0.0095, Accuracy: nan
Client 3 - Round 19 - Loss: 0.0076, Accuracy: nan
Client 3 - Round 20 - Loss: 0.0081, Accuracy: nan
Using device: cuda:2
Client 9 - Round 1 - Loss: 0.0091, Accuracy: 0.5678
Client 9 - Round 2 - Loss: 0.0081, Accuracy: nan
Client 9 - Round 3 - Loss: 0.0090, Accuracy: nan
Client 9 - Round 4 - Loss: 0.0078, Accuracy: nan
Client 9 - Round 5 - Loss: 0.0069, Accuracy: nan
Client 9 - Round 6 - Loss: 0.0074, Accuracy: 0.6048
Client 9 - Round 7 - Loss: 0.0074, Accuracy: 0.5969
Client 9 - Round 8 - Loss: 0.0086, Accuracy: 0.6078
Client 9 - Round 9 - Loss: 0.0075, Accuracy: 0.5964
Client 9 - Round 10 - Loss: 0.0097, Accuracy: 0.6691
Client 9 - Round 11 - Loss: 0.0077, Accuracy: 0.6523
Client 9 - Round 12 - Loss: 0.0083, Accuracy: 0.5941
Client 9 - Round 13 - Loss: 0.0095, Accuracy: nan
Client 9 - Round 14 - Loss: 0.0085, Accuracy: nan
Client 9 - Round 15 - Loss: 0.0082, Accuracy: nan
Client 9 - Round 16 - Loss: 0.0072, Accuracy: 0.6335
Client 9 - Round 17 - Loss: 0.0085, Accuracy: 0.6352
Client 9 - Round 18 - Loss: 0.0081, Accuracy: 0.6326
Client 9 - Round 19 - Loss: 0.0084, Accuracy: 0.6275
Client 9 - Round 20 - Loss: 0.0073, Accuracy: 0.6341
Using device: cuda:2
Client 2 - Round 1 - Loss: 0.0093, Accuracy: nan
Client 2 - Round 2 - Loss: 0.0089, Accuracy: 0.5423
Client 2 - Round 3 - Loss: 0.0082, Accuracy: 0.5828
Client 2 - Round 4 - Loss: 0.0074, Accuracy: 0.5531
Client 2 - Round 5 - Loss: 0.0076, Accuracy: 0.5741
Client 2 - Round 6 - Loss: 0.0074, Accuracy: 0.6048
Client 2 - Round 7 - Loss: 0.0074, Accuracy: 0.5969
Client 2 - Round 8 - Loss: 0.0077, Accuracy: nan
Client 2 - Round 9 - Loss: 0.0081, Accuracy: nan
Client 2 - Round 10 - Loss: 0.0072, Accuracy: 0.6430
Client 2 - Round 11 - Loss: 0.0083, Accuracy: 0.6329
Client 2 - Round 12 - Loss: 0.0073, Accuracy: 0.6129
Client 2 - Round 13 - Loss: 0.0103, Accuracy: 0.6668
Client 2 - Round 14 - Loss: 0.0088, Accuracy: 0.6720
Client 2 - Round 15 - Loss: 0.0084, Accuracy: 0.6621
Client 2 - Round 16 - Loss: 0.0090, Accuracy: 0.6698
Client 2 - Round 17 - Loss: 0.0071, Accuracy: nan
Client 2 - Round 18 - Loss: 0.0104, Accuracy: nan
Client 2 - Round 19 - Loss: 0.0077, Accuracy: nan
Client 2 - Round 20 - Loss: 0.0070, Accuracy: nan
Using device: cuda:1
Client 17 - Round 1 - Loss: 0.0101, Accuracy: 0.5132
Client 17 - Round 2 - Loss: 0.0085, Accuracy: nan
Client 17 - Round 3 - Loss: 0.0078, Accuracy: nan
Client 17 - Round 4 - Loss: 0.0082, Accuracy: 0.5545
Client 17 - Round 5 - Loss: 0.0078, Accuracy: 0.5642
Client 17 - Round 6 - Loss: 0.0074, Accuracy: 0.6048
Client 17 - Round 7 - Loss: 0.0074, Accuracy: 0.5952
Client 17 - Round 8 - Loss: 0.0086, Accuracy: 0.5879
Client 17 - Round 9 - Loss: 0.0088, Accuracy: 0.5885
Client 17 - Round 10 - Loss: 0.0078, Accuracy: nan
Client 17 - Round 11 - Loss: 0.0080, Accuracy: nan
Client 17 - Round 12 - Loss: 0.0083, Accuracy: 0.6449
Client 17 - Round 13 - Loss: 0.0097, Accuracy: nan
Client 17 - Round 14 - Loss: 0.0081, Accuracy: nan
Client 17 - Round 15 - Loss: 0.0088, Accuracy: nan
Client 17 - Round 16 - Loss: 0.0095, Accuracy: 0.6638
Client 17 - Round 17 - Loss: 0.0081, Accuracy: 0.6393
Client 17 - Round 18 - Loss: 0.0092, Accuracy: 0.6416
Client 17 - Round 19 - Loss: 0.0077, Accuracy: 0.6501
Client 17 - Round 20 - Loss: 0.0073, Accuracy: 0.6557
Using device: cuda:2
Client 4 - Round 1 - Loss: 0.0092, Accuracy: nan
Client 4 - Round 2 - Loss: 0.0085, Accuracy: nan
Client 4 - Round 3 - Loss: 0.0086, Accuracy: nan
Client 4 - Round 4 - Loss: 0.0082, Accuracy: 0.5820
Client 4 - Round 5 - Loss: 0.0080, Accuracy: 0.5853
Client 4 - Round 6 - Loss: 0.0081, Accuracy: 0.5974
Client 4 - Round 7 - Loss: 0.0085, Accuracy: 0.6058
Client 4 - Round 8 - Loss: 0.0072, Accuracy: 0.5973
Client 4 - Round 9 - Loss: 0.0093, Accuracy: 0.5957
Client 4 - Round 10 - Loss: 0.0081, Accuracy: nan
Client 4 - Round 11 - Loss: 0.0077, Accuracy: nan
Client 4 - Round 12 - Loss: 0.0083, Accuracy: nan
Client 4 - Round 13 - Loss: 0.0069, Accuracy: nan
Client 4 - Round 14 - Loss: 0.0093, Accuracy: nan
Client 4 - Round 15 - Loss: 0.0080, Accuracy: nan
Client 4 - Round 16 - Loss: 0.0072, Accuracy: 0.6335
Client 4 - Round 17 - Loss: 0.0081, Accuracy: nan
Client 4 - Round 18 - Loss: 0.0068, Accuracy: nan
Client 4 - Round 19 - Loss: 0.0076, Accuracy: nan
Client 4 - Round 20 - Loss: 0.0082, Accuracy: nan
Using device: cuda:1
Client 18 - Round 1 - Loss: 0.0093, Accuracy: nan
Client 18 - Round 2 - Loss: 0.0089, Accuracy: 0.5423
Client 18 - Round 3 - Loss: 0.0082, Accuracy: 0.5828
Client 18 - Round 4 - Loss: 0.0074, Accuracy: 0.5531
Client 18 - Round 5 - Loss: 0.0076, Accuracy: 0.5741
Client 18 - Round 6 - Loss: 0.0092, Accuracy: 0.5729
Client 18 - Round 7 - Loss: 0.0082, Accuracy: 0.6286
Client 18 - Round 8 - Loss: 0.0071, Accuracy: 0.6353
Client 18 - Round 9 - Loss: 0.0072, Accuracy: 0.6296
Client 18 - Round 10 - Loss: 0.0098, Accuracy: 0.6683
Client 18 - Round 11 - Loss: 0.0076, Accuracy: 0.6509
Client 18 - Round 12 - Loss: 0.0075, Accuracy: nan
Client 18 - Round 13 - Loss: 0.0083, Accuracy: 0.6097
Client 18 - Round 14 - Loss: 0.0080, Accuracy: 0.6269
Client 18 - Round 15 - Loss: 0.0090, Accuracy: 0.6135
Client 18 - Round 16 - Loss: 0.0081, Accuracy: 0.6211
Client 18 - Round 17 - Loss: 0.0084, Accuracy: 0.6162
Client 18 - Round 18 - Loss: 0.0092, Accuracy: 0.6023
Client 18 - Round 19 - Loss: 0.0099, Accuracy: 0.6139
Client 18 - Round 20 - Loss: 0.0100, Accuracy: 0.6048
Using device: cuda:2
Client 5 - Round 1 - Loss: 0.0092, Accuracy: 0.5350
Client 5 - Round 2 - Loss: 0.0085, Accuracy: nan
Client 5 - Round 3 - Loss: 0.0086, Accuracy: nan
Client 5 - Round 4 - Loss: 0.0090, Accuracy: 0.5650
Client 5 - Round 5 - Loss: 0.0095, Accuracy: 0.6474
Client 5 - Round 6 - Loss: 0.0081, Accuracy: 0.5974
Client 5 - Round 7 - Loss: 0.0085, Accuracy: 0.6058
Client 5 - Round 8 - Loss: 0.0100, Accuracy: 0.6219
Client 5 - Round 9 - Loss: 0.0093, Accuracy: 0.6207
Client 5 - Round 10 - Loss: 0.0083, Accuracy: 0.6145
Client 5 - Round 11 - Loss: 0.0079, Accuracy: 0.6145
Client 5 - Round 12 - Loss: 0.0086, Accuracy: 0.6041
Client 5 - Round 13 - Loss: 0.0093, Accuracy: 0.6570
Client 5 - Round 14 - Loss: 0.0093, Accuracy: 0.6541
Client 5 - Round 15 - Loss: 0.0072, Accuracy: 0.6440
Client 5 - Round 16 - Loss: 0.0079, Accuracy: 0.6135
Client 5 - Round 17 - Loss: 0.0086, Accuracy: 0.6094
Client 5 - Round 18 - Loss: 0.0103, Accuracy: 0.6148
Client 5 - Round 19 - Loss: 0.0080, Accuracy: 0.6137
Client 5 - Round 20 - Loss: 0.0090, Accuracy: 0.6187
Using device: cuda:1
Client 19 - Round 1 - Loss: 0.0093, Accuracy: nan
Client 19 - Round 2 - Loss: 0.0089, Accuracy: 0.5108
Client 19 - Round 3 - Loss: 0.0088, Accuracy: 0.5431
Client 19 - Round 4 - Loss: 0.0082, Accuracy: 0.5545
Client 19 - Round 5 - Loss: 0.0078, Accuracy: 0.5642
Client 19 - Round 6 - Loss: 0.0081, Accuracy: 0.5974
Client 19 - Round 7 - Loss: 0.0085, Accuracy: 0.6024
Client 19 - Round 8 - Loss: 0.0091, Accuracy: 0.5992
Client 19 - Round 9 - Loss: 0.0095, Accuracy: 0.5945
Client 19 - Round 10 - Loss: 0.0078, Accuracy: nan
Client 19 - Round 11 - Loss: 0.0080, Accuracy: nan
Client 19 - Round 12 - Loss: 0.0083, Accuracy: 0.6449
Client 19 - Round 13 - Loss: 0.0077, Accuracy: nan
Client 19 - Round 14 - Loss: 0.0080, Accuracy: nan
Client 19 - Round 15 - Loss: 0.0074, Accuracy: nan
Client 19 - Round 16 - Loss: 0.0086, Accuracy: nan
Client 19 - Round 17 - Loss: 0.0082, Accuracy: 0.6732
Client 19 - Round 18 - Loss: 0.0075, Accuracy: 0.6550
Client 19 - Round 19 - Loss: 0.0086, Accuracy: 0.6674
Client 19 - Round 20 - Loss: 0.0094, Accuracy: 0.6763
Using device: cuda:2
Client 14 - Round 1 - Loss: 0.0091, Accuracy: 0.5678
Client 14 - Round 2 - Loss: 0.0081, Accuracy: nan
Client 14 - Round 3 - Loss: 0.0090, Accuracy: nan
Client 14 - Round 4 - Loss: 0.0082, Accuracy: nan
Client 14 - Round 5 - Loss: 0.0074, Accuracy: nan
Client 14 - Round 6 - Loss: 0.0074, Accuracy: 0.6048
Client 14 - Round 7 - Loss: 0.0074, Accuracy: 0.5969
Client 14 - Round 8 - Loss: 0.0100, Accuracy: 0.6219
Client 14 - Round 9 - Loss: 0.0093, Accuracy: 0.6207
Client 14 - Round 10 - Loss: 0.0078, Accuracy: nan
Client 14 - Round 11 - Loss: 0.0078, Accuracy: nan
Client 14 - Round 12 - Loss: 0.0073, Accuracy: 0.6129
Client 14 - Round 13 - Loss: 0.0095, Accuracy: nan
Client 14 - Round 14 - Loss: 0.0085, Accuracy: nan
Client 14 - Round 15 - Loss: 0.0082, Accuracy: nan
Client 14 - Round 16 - Loss: 0.0088, Accuracy: 0.5971
Client 14 - Round 17 - Loss: 0.0071, Accuracy: nan
Client 14 - Round 18 - Loss: 0.0104, Accuracy: nan
Client 14 - Round 19 - Loss: 0.0077, Accuracy: nan
Client 14 - Round 20 - Loss: 0.0070, Accuracy: nan
Using device: cuda:2
Client 8 - Round 1 - Loss: 0.0093, Accuracy: nan
Client 8 - Round 2 - Loss: 0.0085, Accuracy: nan
Client 8 - Round 3 - Loss: 0.0086, Accuracy: nan
Client 8 - Round 4 - Loss: 0.0082, Accuracy: 0.5545
Client 8 - Round 5 - Loss: 0.0078, Accuracy: 0.5642
Client 8 - Round 6 - Loss: 0.0074, Accuracy: 0.6048
Client 8 - Round 7 - Loss: 0.0074, Accuracy: 0.5969
Client 8 - Round 8 - Loss: 0.0100, Accuracy: 0.6219
Client 8 - Round 9 - Loss: 0.0093, Accuracy: 0.6207
Client 8 - Round 10 - Loss: 0.0081, Accuracy: nan
Client 8 - Round 11 - Loss: 0.0077, Accuracy: nan
Client 8 - Round 12 - Loss: 0.0083, Accuracy: 0.5941
Client 8 - Round 13 - Loss: 0.0069, Accuracy: nan
Client 8 - Round 14 - Loss: 0.0093, Accuracy: nan
Client 8 - Round 15 - Loss: 0.0080, Accuracy: nan
Client 8 - Round 16 - Loss: 0.0072, Accuracy: 0.6335
Client 8 - Round 17 - Loss: 0.0087, Accuracy: 0.6785
Client 8 - Round 18 - Loss: 0.0076, Accuracy: 0.6639
Client 8 - Round 19 - Loss: 0.0084, Accuracy: 0.6676
Client 8 - Round 20 - Loss: 0.0098, Accuracy: 0.6767

[91mTraining[0m
[91mOriginal Flower Evaluation[0m
[93mRound 19 - Aggregated loss: 0.00796164630446583 - Aggregated metrics: {'accuracy': 0.644448592923973}[0m
[91mDescriptor extraction - evaluation[0m
[91mClustering using extended Px_label_long descriptors[0m
[91mRound 20 - Shape descriptors (20, 420)[0m
[91mRound 20 - Client distances: [array([0.03826388, 0.15389394, 0.00855516, 0.04579004, 0.00855516,
       0.0439023 , 0.04579004, 0.04579004, 0.00856434, 0.00854861,
       0.06484891, 0.05711035, 0.04579004, 0.04579004, 0.06484891,
       0.0439023 , 0.15389394, 0.05050222, 0.00854939, 0.05711035]), array([0.03227271, 0.03476556, 0.006882  , 0.1271011 , 0.006882  ,
       0.03319059, 0.1271011 , 0.1271011 , 0.00689156, 0.00687744,
       0.03794801, 0.0251664 , 0.1271011 , 0.1271011 , 0.03794801,
       0.03319059, 0.03476556, 0.03567072, 0.00687695, 0.0251664 ]), array([0.03227271, 0.03476556, 0.006882  , 0.1271011 , 0.006882  ,
       0.03319059, 0.1271011 , 0.1271011 , 0.00689156, 0.00687744,
       0.03794801, 0.0251664 , 0.1271011 , 0.1271011 , 0.03794801,
       0.03319059, 0.03476556, 0.03567072, 0.00687695, 0.0251664 ]), array([0.03837358, 0.09283765, 0.00941407, 0.04335336, 0.00941407,
       0.04422196, 0.04335336, 0.04335336, 0.00942253, 0.00940536,
       0.05931419, 0.12805635, 0.04335336, 0.04335336, 0.05931419,
       0.04422196, 0.09283765, 0.04893718, 0.00940612, 0.12805635]), array([0.03227271, 0.03476556, 0.006882  , 0.1271011 , 0.006882  ,
       0.03319059, 0.1271011 , 0.1271011 , 0.00689156, 0.00687744,
       0.03794801, 0.0251664 , 0.1271011 , 0.1271011 , 0.03794801,
       0.03319059, 0.03476556, 0.03567072, 0.00687695, 0.0251664 ]), array([0.05417042, 0.05371842, 0.00959215, 0.056655  , 0.00959215,
       0.12235725, 0.056655  , 0.056655  , 0.00960336, 0.00958353,
       0.0457654 , 0.04281786, 0.056655  , 0.056655  , 0.0457654 ,
       0.12235725, 0.05371842, 0.08528176, 0.00958373, 0.04281786]), array([0.05247334, 0.06373923, 0.01000207, 0.04762422, 0.01000207,
       0.04850167, 0.04762422, 0.04762422, 0.01001285, 0.00999186,
       0.14155862, 0.0497383 , 0.04762422, 0.04762422, 0.14155862,
       0.04850167, 0.06373923, 0.05232801, 0.00999307, 0.0497383 ]), array([3.78183056e-04, 3.27406332e-04, 3.61138621e-01, 3.47554960e-04,
       3.61138621e-01, 3.59143702e-04, 3.47554960e-04, 3.47554960e-04,
       9.77991982e-02, 9.06515472e-02, 3.58759172e-04, 3.20270503e-04,
       3.47554960e-04, 3.47554960e-04, 3.58759172e-04, 3.59143702e-04,
       3.27406332e-04, 3.55597892e-04, 8.40692977e-02, 3.20270503e-04]), array([0.05417042, 0.05371842, 0.00959215, 0.056655  , 0.00959215,
       0.12235725, 0.056655  , 0.056655  , 0.00960336, 0.00958353,
       0.0457654 , 0.04281786, 0.056655  , 0.056655  , 0.0457654 ,
       0.12235725, 0.05371842, 0.08528176, 0.00958373, 0.04281786]), array([0.03227271, 0.03476556, 0.006882  , 0.1271011 , 0.006882  ,
       0.03319059, 0.1271011 , 0.1271011 , 0.00689156, 0.00687744,
       0.03794801, 0.0251664 , 0.1271011 , 0.1271011 , 0.03794801,
       0.03319059, 0.03476556, 0.03567072, 0.00687695, 0.0251664 ]), array([3.78183056e-04, 3.27406332e-04, 3.61138621e-01, 3.47554960e-04,
       3.61138621e-01, 3.59143702e-04, 3.47554960e-04, 3.47554960e-04,
       9.77991982e-02, 9.06515472e-02, 3.58759172e-04, 3.20270503e-04,
       3.47554960e-04, 3.47554960e-04, 3.58759172e-04, 3.59143702e-04,
       3.27406332e-04, 3.55597892e-04, 8.40692977e-02, 3.20270503e-04]), array([0.03826388, 0.15389394, 0.00855516, 0.04579004, 0.00855516,
       0.0439023 , 0.04579004, 0.04579004, 0.00856434, 0.00854861,
       0.06484891, 0.05711035, 0.04579004, 0.04579004, 0.06484891,
       0.0439023 , 0.15389394, 0.05050222, 0.00854939, 0.05711035]), array([0.03837358, 0.09283765, 0.00941407, 0.04335336, 0.00941407,
       0.04422196, 0.04335336, 0.04335336, 0.00942253, 0.00940536,
       0.05931419, 0.12805635, 0.04335336, 0.04335336, 0.05931419,
       0.04422196, 0.09283765, 0.04893718, 0.00940612, 0.12805635]), array([0.05247334, 0.06373923, 0.01000207, 0.04762422, 0.01000207,
       0.04850167, 0.04762422, 0.04762422, 0.01001285, 0.00999186,
       0.14155862, 0.0497383 , 0.04762422, 0.04762422, 0.14155862,
       0.04850167, 0.06373923, 0.05232801, 0.00999307, 0.0497383 ]), array([0.0005435 , 0.00047058, 0.11863976, 0.00049962, 0.11863976,
       0.00051613, 0.00049962, 0.00049962, 0.12477709, 0.44475418,
       0.00051553, 0.00046024, 0.00049962, 0.00049962, 0.00051553,
       0.00051613, 0.00047058, 0.00051113, 0.18571148, 0.00046024]), array([0.0005768 , 0.00049946, 0.12407147, 0.00053018, 0.12407147,
       0.00054772, 0.00053018, 0.00053018, 0.12667477, 0.23398517,
       0.00054715, 0.00048855, 0.00053018, 0.00053018, 0.00054715,
       0.00054772, 0.00049946, 0.00054241, 0.38326126, 0.00048855]), array([0.11275211, 0.05104667, 0.01212663, 0.0613609 , 0.01212663,
       0.06964684, 0.0613609 , 0.0613609 , 0.01214334, 0.01211779,
       0.05555629, 0.04224574, 0.0613609 , 0.0613609 , 0.05555629,
       0.06964684, 0.05104667, 0.0828192 , 0.01211876, 0.04224574]), array([0.03227271, 0.03476556, 0.006882  , 0.1271011 , 0.006882  ,
       0.03319059, 0.1271011 , 0.1271011 , 0.00689156, 0.00687744,
       0.03794801, 0.0251664 , 0.1271011 , 0.1271011 , 0.03794801,
       0.03319059, 0.03476556, 0.03567072, 0.00687695, 0.0251664 ]), array([0.08913266, 0.0526489 , 0.01195978, 0.05511494, 0.01195978,
       0.08042352, 0.05511494, 0.05511494, 0.01197529, 0.01195019,
       0.05722682, 0.04639701, 0.05511494, 0.05511494, 0.05722682,
       0.08042352, 0.0526489 , 0.10210372, 0.01195136, 0.04639701]), array([0.00060679, 0.0005251 , 0.14923753, 0.00055757, 0.14923753,
       0.00057604, 0.00055757, 0.00055757, 0.45252886, 0.11715285,
       0.00057547, 0.0005136 , 0.00055757, 0.00055757, 0.00057547,
       0.00057604, 0.0005251 , 0.00057037, 0.1234978 , 0.0005136 ])][0m
[91mTraining[0m
[91mOriginal Flower Evaluation[0m
[93mRound 20 - Aggregated loss: 0.008087064465507865 - Aggregated metrics: {'accuracy': 0.6493579137848289}[0m
Saving metrics to as .json in histories folder...
Saving loss plot for all clients OUTSIDE...
Saving loss plot for all clients...
images/42/ResNet9/CheXpert/trDR_teND/all_clients_loss_fold_1.png

[1;34mServer Side[0m 
Minimum Loss occurred at round 5 with a loss value of 0.008 
Maximum Accuracy occurred at round 20 with an accuracy value of 64.94


[94mEuclidean Distance [0m
[93mClient 0 - Test Loss: 8.309, Test Accuracy: 78.32 - Associciate model cid: 5dd6037ebaaf4a17800dc0d511747865[0m
[93mClient 1 - Test Loss: 6.102, Test Accuracy: 82.61 - Associciate model cid: c6e0823a367a4d98be93c7db266b6148[0m
[93mClient 2 - Test Loss: 4.315, Test Accuracy: 92.07 - Associciate model cid: c6e0823a367a4d98be93c7db266b6148[0m
[93mClient 3 - Test Loss: 4.737, Test Accuracy: 90.84 - Associciate model cid: b3015371576841169a467835431dffe1[0m
[93mClient 4 - Test Loss: 6.240, Test Accuracy: 86.25 - Associciate model cid: 5dd6037ebaaf4a17800dc0d511747865[0m
[93mClient 5 - Test Loss: 6.312, Test Accuracy: 83.95 - Associciate model cid: ede31b51f9b54a1aba956b7f5dcd5215[0m
[93mClient 6 - Test Loss: 6.240, Test Accuracy: 86.25 - Associciate model cid: 5dd6037ebaaf4a17800dc0d511747865[0m
[93mClient 7 - Test Loss: 6.102, Test Accuracy: 82.61 - Associciate model cid: c6e0823a367a4d98be93c7db266b6148[0m
[93mClient 8 - Test Loss: 7.104, Test Accuracy: nan - Associciate model cid: 5dd6037ebaaf4a17800dc0d511747865[0m
[93mClient 9 - Test Loss: 8.309, Test Accuracy: 78.32 - Associciate model cid: 5dd6037ebaaf4a17800dc0d511747865[0m
[93mClient 10 - Test Loss: 6.240, Test Accuracy: 86.25 - Associciate model cid: 5dd6037ebaaf4a17800dc0d511747865[0m
[93mClient 11 - Test Loss: 6.240, Test Accuracy: 86.25 - Associciate model cid: 5dd6037ebaaf4a17800dc0d511747865[0m
[93mClient 12 - Test Loss: 7.104, Test Accuracy: nan - Associciate model cid: 5dd6037ebaaf4a17800dc0d511747865[0m
[93mClient 13 - Test Loss: 6.240, Test Accuracy: 86.25 - Associciate model cid: 5dd6037ebaaf4a17800dc0d511747865[0m
[93mClient 14 - Test Loss: 4.315, Test Accuracy: 92.07 - Associciate model cid: c6e0823a367a4d98be93c7db266b6148[0m
[93mClient 15 - Test Loss: 6.102, Test Accuracy: 82.61 - Associciate model cid: c6e0823a367a4d98be93c7db266b6148[0m
[93mClient 16 - Test Loss: 4.737, Test Accuracy: 90.84 - Associciate model cid: b3015371576841169a467835431dffe1[0m
[93mClient 17 - Test Loss: 6.102, Test Accuracy: 82.61 - Associciate model cid: c6e0823a367a4d98be93c7db266b6148[0m
[93mClient 18 - Test Loss: 6.059, Test Accuracy: 76.99 - Associciate model cid: c6e0823a367a4d98be93c7db266b6148[0m
[93mClient 19 - Test Loss: 7.104, Test Accuracy: nan - Associciate model cid: 5dd6037ebaaf4a17800dc0d511747865[0m

[93mAverage Loss: 6.201, Average Accuracy: 85.01[0m
[93mAverage Loss (known): nan, Average Accuracy (known): nan[0m
[90mTraining time: 12.46 minutes 


[0m

[94mCosine Distance [0m
[93mClient 0 - Test Loss: 8.309, Test Accuracy: 78.32 - Associciate model cid: 5dd6037ebaaf4a17800dc0d511747865[0m
[93mClient 1 - Test Loss: 5.238, Test Accuracy: 91.14 - Associciate model cid: 5d58d43f3895486586e4abac79575def[0m
[93mClient 2 - Test Loss: 4.315, Test Accuracy: 92.07 - Associciate model cid: c6e0823a367a4d98be93c7db266b6148[0m
[93mClient 3 - Test Loss: 4.737, Test Accuracy: 90.84 - Associciate model cid: b3015371576841169a467835431dffe1[0m
[93mClient 4 - Test Loss: 6.240, Test Accuracy: 86.25 - Associciate model cid: 5dd6037ebaaf4a17800dc0d511747865[0m
[93mClient 5 - Test Loss: 6.312, Test Accuracy: 83.95 - Associciate model cid: ede31b51f9b54a1aba956b7f5dcd5215[0m
[93mClient 6 - Test Loss: 6.240, Test Accuracy: 86.25 - Associciate model cid: 5dd6037ebaaf4a17800dc0d511747865[0m
[93mClient 7 - Test Loss: 5.238, Test Accuracy: 91.14 - Associciate model cid: 5d58d43f3895486586e4abac79575def[0m
[93mClient 8 - Test Loss: 7.104, Test Accuracy: nan - Associciate model cid: 5dd6037ebaaf4a17800dc0d511747865[0m
[93mClient 9 - Test Loss: 8.309, Test Accuracy: 78.32 - Associciate model cid: 5dd6037ebaaf4a17800dc0d511747865[0m
[93mClient 10 - Test Loss: 6.240, Test Accuracy: 86.25 - Associciate model cid: 5dd6037ebaaf4a17800dc0d511747865[0m
[93mClient 11 - Test Loss: 6.240, Test Accuracy: 86.25 - Associciate model cid: 5dd6037ebaaf4a17800dc0d511747865[0m
[93mClient 12 - Test Loss: 7.104, Test Accuracy: nan - Associciate model cid: 5dd6037ebaaf4a17800dc0d511747865[0m
[93mClient 13 - Test Loss: 6.240, Test Accuracy: 86.25 - Associciate model cid: 5dd6037ebaaf4a17800dc0d511747865[0m
[93mClient 14 - Test Loss: 4.315, Test Accuracy: 92.07 - Associciate model cid: c6e0823a367a4d98be93c7db266b6148[0m
[93mClient 15 - Test Loss: 5.238, Test Accuracy: 91.14 - Associciate model cid: 5d58d43f3895486586e4abac79575def[0m
[93mClient 16 - Test Loss: 4.737, Test Accuracy: 90.84 - Associciate model cid: b3015371576841169a467835431dffe1[0m
[93mClient 17 - Test Loss: 5.238, Test Accuracy: 91.14 - Associciate model cid: 5d58d43f3895486586e4abac79575def[0m
[93mClient 18 - Test Loss: 6.059, Test Accuracy: 76.99 - Associciate model cid: c6e0823a367a4d98be93c7db266b6148[0m
[93mClient 19 - Test Loss: 7.104, Test Accuracy: nan - Associciate model cid: 5dd6037ebaaf4a17800dc0d511747865[0m

[93mAverage Loss: 6.028, Average Accuracy: 87.01[0m
[93mAverage Loss (known): nan, Average Accuracy (known): nan[0m
[90mTraining time: 18.74 minutes[0m
Fold completed correctly

[1;36mAveraging the results of all folds[0m


[1;36mExperiment completed successfully[0m

